,sensor1,sensor2,sensor3,sensor4,sensor5,sensor6,sensor7,sensor8,sensor9,sensor10,sensor11,sensor12,sensor1,sensor2,sensor3,sensor4,sensor5,sensor6,sensor7,sensor8,sensor9,sensor10,sensor11,sensor12,
1,27.571262858662294,53.37406116882221,54.81443993943253,76.01309659261187,17.502982649089972,83.12649879478329,177.75854126216723,35.07766920850156,146.9689390302184,220.5036242368485,139.00819187011416,24.859848039260385,1.7997095590777121,19.329642759182434,13.641618853200043,33.242053286914825,12.168188100851523,16.930356261479346,97.44486648053214,45.05494687039675,90.39897253121461,173.75430531380783,112.92298861363861,31.927087238933723,
