,sensor1,sensor2,sensor3,sensor4,sensor5,sensor6,sensor1,sensor2,sensor3,sensor4,sensor5,sensor6,
1,165.8456970214271,70.51723661714107,70.13478435469074,171.61148643847542,97.95644605989605,32.14772854327845,108.05270647885948,53.131128980472,72.72926936405196,130.53145737327065,70.47960560565843,32.49750444706524,
