,sensor1,sensor2,sensor3,sensor4,sensor5,sensor6,sensor7,sensor8,sensor9,sensor10,sensor11,sensor12,sensor1,sensor2,sensor3,sensor4,sensor5,sensor6,sensor7,sensor8,sensor9,sensor10,sensor11,sensor12,
1,8.532715354078789,51.758465465025324,40.84923310051613,27.866955977318696,109.42596246093916,88.74706118361155,1.3516322673675063,168.62903965271806,31.729849807249252,44.94065089595449,69.53612903980775,73.23805135666589,5.289652180478129,4.704574689204662,3.132118575110212,31.164276910218916,52.29601241268614,27.53300667461565,24.897129538370677,126.3461980478055,17.18305021000276,41.975518088271656,74.29171382642255,33.36167655234988,
