,sensor1,sensor2,sensor3,sensor4,sensor5,sensor6,sensor7,sensor8,sensor9,sensor10,sensor11,sensor12,
1,700.2440802050738,496.1518516347075,498.42353322968637,494.71276542175764,508.45367325888384,500.76182558269204,704.2545784606979,568.8847771617693,619.4580744329918,699.1640919117049,598.9330226219155,440.97821800208646,
,sensor1,sensor2,sensor3,sensor4,sensor5,sensor6,sensor7,sensor8,sensor9,sensor10,sensor11,sensor12,
1,707.9609121019868,623.9996438433147,510.01341979402264,527.4987135466301,514.1236444299743,515.4903626935309,679.1198081694348,494.95852672068105,621.5889540592453,666.9622941763482,518.4012957421683,425.7068698794197,
