,light1,light2,light3,light4,light5,light6,light7,light8,light9,light10,light11,light12,
1,886.4291584061509,470.50821209177917,422.4248932206007,0.0,671.0000038952528,311.87620035980717,1069.9431886982848,342.224712873166,943.1178886373519,1200.0,163.33546698816977,0.0,
,light1,light2,light3,light4,light5,light6,light7,light8,light9,light10,light11,light12,
1,508.8080077626898,1200.0,271.84978488443113,0.0,505.99995622432954,403.733010905578,1200.0,72.5768678970415,1161.885440798198,1200.0,0.0,0.0,
