,sensor1,sensor2,sensor3,sensor4,sensor5,sensor6,sensor1,sensor2,sensor3,sensor4,sensor5,sensor6,
1,69.69719915808128,30.156946315352343,95.1950769182161,37.78844942824344,71.35761923981522,31.515788853894946,14.664685761895498,7.596838984303929,45.684163449755545,15.156795939700146,14.860863760708185,7.51120324750957,
2,15.164434148321448,45.270279453059516,45.72454288306881,15.860711339930731,45.09189308717339,18.03323539057584,5.329879995468502,9.207559748946096,2.2964830411775665,4.574712448168384,0.7973619512506502,0.8912177320922297,
3,24.64453853948686,13.038727231459461,42.17847295062154,8.663530110688328,109.6465540251474,117.19424543662853,0.6413919863106798,3.392974317504354,1.062327769453077,1.3809372518513783,57.34945744587168,34.09938382592736,
