,sensor1,sensor2,sensor3,sensor4,sensor5,sensor6,sensor7,sensor8,sensor9,sensor10,sensor11,sensor12,sensor1,sensor2,sensor3,sensor4,sensor5,sensor6,sensor7,sensor8,sensor9,sensor10,sensor11,sensor12,
1,21.447462288264774,8.469559173244875,3.756517089604131,37.66400292750029,14.96150227568313,11.787772385990252,63.03799767446105,33.89293403579012,10.782757137891906,36.23567097398143,0.12841048795178267,29.01948370192713,1.6879068967630815,0.9595258965494509,1.293103470244887,3.8008433677717335,0.9476900959559202,2.45444419176431,18.83546660082925,11.029397505803445,7.695065062332901,20.870826886568864,7.693771848756228,8.905141510765702,
2,300.0,300.0,700.0,700.0,700.0,300.0,500.0,500.0,500.0,300.0,300.0,700.0,