,sensor1,sensor2,sensor3,sensor4,sensor5,sensor6,sensor7,sensor8,sensor9,sensor10,sensor11,sensor12,
1,2.4491966393405846,15.244874480654971,0.8455001751655118,17.95938976597472,10.921889699899282,4.97376336808361,46.1169114696919,79.03923500189791,31.407057759318036,28.620346248665555,34.060379552358654,27.054935069226076,
,sensor1,sensor2,sensor3,sensor4,sensor5,sensor6,sensor7,sensor8,sensor9,sensor10,sensor11,sensor12,
1,0.9163219131396545,12.089622858599682,0.3891199387395545,17.091665432478635,10.712800356024843,4.756254934028391,46.65169241530816,79.25165202465763,31.38132544631378,28.75438409840291,34.220386178084254,26.70328665248826,
2,0.9160626743845341,12.089446982522759,0.38931078546761455,17.091383690392263,10.712812765904118,4.756214560293927,46.65176080474879,79.25167656572387,31.381257523307113,28.75445629285514,34.22045325364843,26.703278739634698,
3,0.9160619879551177,12.089446209125185,0.3893098525066989,17.091384396079548,10.712813721958582,4.756215526699577,46.651760527117744,79.25167616371965,31.38125823644191,28.754456542613354,34.22045358119624,26.703278270937403,
39,0.916061601387355,12.089445791685762,0.38930941836179045,17.091384711196383,10.712814180596297,4.756216017671534,46.65176039956805,79.25167596773497,31.381258581442466,28.754456680046587,34.220453755405515,26.703278034192635,
493,0.9160615852571254,12.089445735773552,0.3893092161202958,17.09138490398493,10.71281433132043,4.756216166179115,46.65176033571788,79.25167589928577,31.381258710126872,28.754456692959025,34.220453782329514,26.703277967756776,
