,sensor1,sensor2,sensor3,sensor4,sensor5,sensor6,sensor7,sensor8,sensor9,sensor10,sensor11,sensor12,
1,702.4491966393406,515.244874480655,699.1544998248345,682.0406102340253,489.0781103001007,495.0262366319164,346.1169114696919,379.0392350018979,668.592942240682,471.37965375133444,465.93962044764135,527.0549350692261,
,sensor1,sensor2,sensor3,sensor4,sensor5,sensor6,sensor7,sensor8,sensor9,sensor10,sensor11,sensor12,
1,700.9163475553787,512.0896607230936,700.3891965838972,682.9084033361477,489.28726169991876,495.243812693747,346.65171612287827,379.25168059379826,668.6187271423752,471.24562694631516,465.77963039838113,526.7033171990652,
2,700.9160616320378,512.0894457591872,700.3893091468436,682.9086150039807,489.2871856615736,495.243783791429,346.65176031208244,379.25167588402616,668.6187412559468,471.2455433183568,465.77954622660604,526.7032779576011,
3,700.9160621330861,512.0894463797199,700.3893100818597,682.9086157869697,489.28718649765426,495.24378470376826,346.65176059609826,379.2516762590213,668.6187419342737,471.24554351157076,465.7795464912916,526.7032783802033,
39,700.9160620852821,512.0894463591816,700.3893101768251,682.9086158930716,489.2871865470885,495.2437847464697,346.6517606275785,379.2516762834419,668.6187419838803,471.24554350037226,465.77954648561365,526.7032783965929,
493,700.9160620985277,512.0894463390993,700.3893100272511,682.9086157433871,489.2871864453625,495.2437846488936,346.6517605796742,379.2516762363296,668.6187418936258,471.2455434986687,465.7795464740314,526.7032783541865,
