,light1,light2,light3,light4,light5,light6,light7,light8,light9,light10,light11,light12,
1,1184.5967522211765,206.9833618183738,1117.309001107122,811.2503441708889,39.94101434418451,401.33315483056793,0.0,0.0,980.9488332659711,1200.0,823.7809344744263,0.0,
,light1,light2,light3,light4,light5,light6,light7,light8,light9,light10,light11,light12,
1,1200.0,172.4153616795064,1133.2935488210417,817.5375285085362,41.9398854737136,403.83953114401373,0.0,0.0,979.9110875080318,1200.0,820.9125019727616,0.0,
2,1200.0,172.4134010310364,1133.2947184615784,817.538874749878,41.93958630357589,403.8396618816406,0.0,0.0,979.9111824671996,1200.0,820.9117270494926,0.0,
3,1200.0,172.4134014789596,1133.294719608051,817.5388759073542,41.939587320868,403.8396629114931,0.0,0.0,979.9111832612556,1200.0,820.9117271671392,0.0,
39,1200.0,172.4134009481682,1133.29472002072,817.5388763253276,41.9395873876724,403.83966294640874,0.0,0.0,979.9111833423066,1200.0,820.9117269561364,0.0,
493,1200.0,172.41340142209458,1133.2947195567583,817.538875860435,41.939587250737965,403.8396628551016,0.0,0.0,979.9111832148419,1200.0,820.9117271480935,0.0,
