,sensor1,sensor2,sensor3,sensor4,sensor5,sensor6,sensor7,sensor8,sensor9,sensor10,sensor11,sensor12,sensor1,sensor2,sensor3,sensor4,sensor5,sensor6,sensor7,sensor8,sensor9,sensor10,sensor11,sensor12,
1,0.2440803114652681,3.84814826249044,1.5764666798580151,5.287234522520919,8.453673323442501,0.7618257011386049,4.254578562492043,68.88477727376733,80.54192546390277,0.8359079935783029,101.06697727221547,140.97821807974572,0.2440803114652681,196.15185173750956,1.5764666798580151,5.287234522520919,208.4536733234425,0.7618257011386049,4.254578562492043,68.88477727376733,80.54192546390277,0.8359079935783029,101.06697727221547,140.97821807974572,
2,28.575434379759372,14.728899335462813,48.0665060228979,28.6443476578454,143.40115529427908,58.215991388947145,10.58991487592425,9.532279695312468,2.903308612769365,14.83270530780726,2.0294967058005113,5.634383025223428,28.575434379759372,214.7288993354628,48.0665060228979,28.6443476578454,143.40115529427908,58.215991388947145,10.58991487592425,190.46772030468753,2.903308612769365,14.83270530780726,2.0294967058005113,5.634383025223428,
