,sensor1,sensor2,sensor3,sensor4,sensor5,sensor6,sensor7,sensor8,sensor9,sensor10,sensor11,sensor12,
1,700.2440802050738,496.1518516347075,498.42353322968637,494.71276542175764,508.45367325888384,500.76182558269204,704.2545784606979,568.8847771617693,619.4580744329918,699.1640919117049,598.9330226219155,440.97821800208646,
,sensor1,sensor2,sensor3,sensor4,sensor5,sensor6,sensor7,sensor8,sensor9,sensor10,sensor11,sensor12,
1,671.4245655263189,485.27110056244965,651.9334938737584,671.3556521889741,443.4011551941734,358.2159913095093,510.58991459953387,690.4677199855478,697.0966911465368,685.1672944338196,702.0294963875789,694.3656166796003,
