,light1,light2,light3,light4,light5,light6,light7,light8,light9,light10,light11,light12,
1,886.4291584061509,470.50821209177917,422.4248932206007,0.0,671.0000038952528,311.87620035980717,1069.9431886982848,342.224712873166,943.1178886373519,1200.0,163.33546698816977,0.0,
,light1,light2,light3,light4,light5,light6,light7,light8,light9,light10,light11,light12,
1,1200.0,91.16237506820815,1121.9999948595441,736.638675046066,0.0,0.0,44.49263289679223,629.7162792214042,821.5514699117085,1200.0,1200.0,291.87694844719243,
