,sensor1,sensor2,sensor3,sensor4,sensor5,sensor6,sensor7,sensor8,sensor9,sensor10,sensor11,sensor12,sensor1,sensor2,sensor3,sensor4,sensor5,sensor6,sensor7,sensor8,sensor9,sensor10,sensor11,sensor12,
1,64.31954870580807,148.4440133068709,206.75426651630988,22.306623848408776,133.98643914483466,58.55867692008809,136.68809923677475,178.2510700423719,71.24517592513206,152.81791391221026,184.3950624378524,89.44333275217218,60.93275086994129,128.0797529856062,77.4531301389469,32.09292353875833,142.4602212492435,23.165901028432756,110.77870215430642,96.97637303442843,74.64049985501657,131.3103622569389,143.1294210553363,103.4593990953901,
2,14.958759098038058,76.5941890178076,14.186830553249024,25.566489156582577,97.30885737701556,20.32017986331607,120.2353896196451,16.828935297967973,152.3901676581978,9.301644646775742,95.00294236197078,147.09578034246078,2.4134370175419804,41.006916289190144,3.6838124564507666,19.618575883845153,39.12235025529549,20.62044807975434,100.22315215115776,25.755621534970942,132.06364933116572,35.24624691862567,74.3281556971582,117.37339954901324,
3,500.0,500.0,500.0,700.0,300.0,700.0,300.0,700.0,300.0,500.0,700.0,500.0,