,sensor1,sensor2,sensor3,sensor4,sensor5,sensor6,sensor7,sensor8,sensor9,sensor10,sensor11,sensor12,sensor1,sensor2,sensor3,sensor4,sensor5,sensor6,sensor7,sensor8,sensor9,sensor10,sensor11,sensor12,
1,16.40984845061587,15.56412720118442,89.75351584815871,7.45335937232835,140.2924560855643,19.013992125073514,145.88164662556335,72.6774873817098,59.89032945972167,161.17761251259776,68.15120668219464,63.41738747940974,