,sensor1,sensor2,sensor3,sensor4,sensor5,sensor6,sensor7,sensor8,sensor9,sensor10,sensor11,sensor12,
1,1.1754026094392884,12.312711731501963,0.4095810603840846,17.14522048325341,10.604751515905775,4.616818422368112,46.64849864270582,79.29198593512467,31.316604322358103,28.67797811728485,34.136759476984196,26.778382227381258,
,sensor1,sensor2,sensor3,sensor4,sensor5,sensor6,sensor7,sensor8,sensor9,sensor10,sensor11,sensor12,
1,0.916061808686436,12.089445996737254,0.3893095621392604,17.091384630386983,10.712813995455463,4.756215818266526,46.65176043962509,79.25167604379146,31.381258451707936,28.754456609883675,34.22045367139049,26.70327813363849,
9,0.9160622007440224,12.089446459248165,0.3893101887757666,17.091384127695505,10.712813399979495,4.756215188787337,46.65176062825441,79.25167630344737,31.381257986144533,28.75445646316939,34.220453474916496,26.703278431140347,
10,0.9160617457832814,12.089445924464485,0.3893094698026971,17.091384701518564,10.71281408841179,4.756215911263894,46.65176041201562,79.25167600469672,31.381258521302357,28.754456633027132,34.22045370215227,26.70327808861316,
11,0.9160603321722647,12.089444262830739,0.38930723584792304,17.091386484461054,10.712816227492965,4.756218156075477,46.65175974012976,79.25167507643596,31.381260184112534,28.754457160793606,34.220454408202215,26.703277024337467,
12,0.9160626463034305,12.089446982983645,0.3893108929104301,17.091383565721117,10.712812725741742,4.756214481240306,46.65176084003042,79.25167659603136,31.381257462033773,28.75445629682133,34.22045325237366,26.703278766594167,
258,0.9160613577794265,12.089445468207032,0.3893088558693307,17.091385191760196,10.712814675827985,4.756216528125378,46.65176022735176,79.25167574966974,31.381258978180654,28.75445677792277,34.22045389601942,26.703277796244492,
