,sensor1,sensor2,sensor3,sensor4,sensor5,sensor6,sensor7,sensor8,sensor9,sensor10,sensor11,sensor12,
1,701.1754026094393,512.312711731502,700.4095810603841,682.8547795167466,489.3952484840942,495.3831815776319,346.6484986427058,379.29198593512467,668.6833956776419,471.32202188271515,465.8632405230158,526.7783822273813,
,sensor1,sensor2,sensor3,sensor4,sensor5,sensor6,sensor7,sensor8,sensor9,sensor10,sensor11,sensor12,
1,700.9160623506089,512.0894466338361,700.389310418949,682.9086160535878,489.2871868247085,495.2437850426964,346.6517606973293,379.25167639977525,668.6187421859975,471.2455435924606,465.7795465993185,526.7032785417723,
9,700.9160619148515,512.0894461231953,700.3893097369759,682.9086155117178,489.2871861674084,495.24378435721627,346.6517604923707,379.25167611571385,668.618741677565,471.2455434300938,465.7795463822903,526.7032782158988,
10,700.9160622238899,512.0894464864566,700.389310225363,682.9086159015023,489.28718663506106,495.24378484796847,346.65176063925855,379.25167631864986,668.6187420410876,471.2455435454722,465.77954653664546,526.7032784485689,
11,700.9160620698749,512.089446305419,700.3893099819703,682.908615707248,489.2871864020047,495.2437846033926,346.65176056605543,379.25167621751433,668.6187418599218,471.2455434879713,465.7795464597202,526.7032783326142,
12,700.916062011347,512.0894462366223,700.3893098894777,682.9086156334286,489.2871863134402,495.2437845104506,346.65176053823734,379.2516761790815,668.6187417910763,471.2455434661201,465.7795464304876,526.7032782885501,
258,700.91606199802,512.0894462207847,700.3893098676728,682.908615615777,489.28718629299397,495.24378448859375,346.6517605316629,379.25167617009595,668.6187417749375,471.2455434611097,465.7795464237607,526.7032782782736,
