,light1,light2,light3,light4,light5,light6,light7,light8,light9,light10,light11,light12,
1,1200.0,173.8813797634755,1132.5774233270981,816.7927384806453,42.06621640427184,404.01147936970995,0.0,0.0,979.9378977480377,1200.0,821.4448451640056,0.0,
,light1,light2,light3,light4,light5,light6,light7,light8,light9,light10,light11,light12,
1,1200.0,172.41340185412759,1133.2947199124637,817.538876176107,41.939587770824154,403.8396632492867,0.0,0.0,979.911183547843,1200.0,820.9117272945746,0.0,
9,1200.0,172.41340111994387,1133.294719284049,817.5388756109804,41.93958687795221,403.839662555375,0.0,0.0,979.911182968129,1200.0,820.9117270468992,0.0,
10,1200.0,172.4134016283338,1133.29471974287,817.5388760306927,41.939587505131875,403.8396630596945,0.0,0.0,979.9111833832227,1200.0,820.9117272171659,0.0,
11,1200.0,172.4134013749563,1133.2947195142203,817.5388758215208,41.9395871925932,403.83966280833926,0.0,0.0,979.9111831763564,1200.0,820.9117271323063,0.0,
12,1200.0,172.4134012786694,1133.2947194273306,817.5388757420322,41.93958707382416,403.83966271282105,0.0,0.0,979.9111830977447,1200.0,820.9117271000584,0.0,
258,1200.0,172.4134012586836,1133.2947194054714,817.5388757210873,41.939587047480046,403.83966268936786,0.0,0.0,979.9111830792199,1200.0,820.911727093556,0.0,
