,sensor1,sensor2,sensor3,sensor4,sensor5,sensor6,sensor7,sensor8,sensor9,sensor10,sensor11,sensor12,sensor1,sensor2,sensor3,sensor4,sensor5,sensor6,sensor7,sensor8,sensor9,sensor10,sensor11,sensor12,
1,68.37128881829244,43.94853238055066,15.48022412361047,119.66475976082933,67.71138282004483,9.987449953682585,14.98498801358437,43.80504909800379,83.69540524521233,12.216256163462845,50.11151709985711,38.18425923519493,11.890886375073023,0.5074721663419837,4.468048568406289,57.85175241533142,30.15131877167687,3.485604817336707,7.151456585794563,3.87759854568543,34.8156112766016,13.603558604381988,29.019055926330907,5.872932280546706,
2,300.0,300.0,300.0,700.0,700.0,500.0,500.0,700.0,700.0,300.0,500.0,700.0,300.0,300.0,300.0,700.0,700.0,500.0,500.0,700.0,700.0,300.0,500.0,700.0,
3,300.0,300.0,300.0,300.0,300.0,300.0,500.0,300.0,300.0,700.0,300.0,300.0,