,sensor1,sensor2,sensor3,sensor4,sensor5,sensor6,sensor7,sensor8,sensor9,sensor10,sensor11,sensor12,
1,0.9175982868157462,12.09038229409714,0.3879941540759546,17.092886043685667,10.711944715150594,4.75704116036394,46.65082959723793,79.2510437779365,31.381523664905444,28.75567628253475,34.221444341381925,26.70266957980084,
,sensor1,sensor2,sensor3,sensor4,sensor5,sensor6,sensor7,sensor8,sensor9,sensor10,sensor11,sensor12,
1,0.9160633894247212,12.089447477609383,0.3893104443679931,17.091384484584978,10.712812170121708,4.756214843230737,46.651760668122506,79.25167657390512,31.38125759528475,28.75445609904756,34.22045303582951,26.703278793890604,
18,0.9160623270093993,12.089446607451578,0.38931038757198166,17.091383969584058,10.712813208542798,4.756214989426553,46.65176068801895,79.25167638615062,31.381257838084025,28.75445641607854,34.220453411898916,26.703278525923224,
72,0.9160607841192814,12.089444794073529,0.38930795006808694,17.09138591443468,10.712815543605132,4.7562174383844535,46.65175995493905,79.25167537321124,31.381259652493327,28.754456992060796,34.22045418247012,26.703277364598534,
