,sensor1,sensor2,sensor3,sensor4,sensor5,sensor6,sensor7,sensor8,sensor9,sensor10,sensor11,sensor12,
1,700.9175982868157,512.0903822940971,700.387994154076,682.9071139563143,489.2880552848494,495.24295883963606,346.65082959723793,379.2510437779365,668.6184763350946,471.24432371746525,465.7785556586181,526.7026695798008,
,sensor1,sensor2,sensor3,sensor4,sensor5,sensor6,sensor7,sensor8,sensor9,sensor10,sensor11,sensor12,
1,700.9160627691534,512.089446760318,700.3893095147057,682.9086147909193,489.28718690895937,495.2437842198585,346.65176038968644,379.2516761825013,668.6187417064527,471.2455436719157,465.7795466592257,526.7032783434886,
18,700.9160619830868,512.089446203195,700.389309844094,682.908615596682,489.28718627101665,495.24378446447054,346.65176052456303,379.2516761603188,668.6187417573828,471.2455434555212,465.7795464163255,526.7032782670027,
72,700.9160618452389,512.0894460413699,700.389309626974,682.9086154239217,489.28718606208474,495.24378424667117,346.65176045928655,379.25167607000515,668.6187415956861,471.24554340410424,465.7795463475224,526.7032781634913,
