,light1,light2,light3,light4,light5,light6,light7,light8,light9,light10,light11,light12,
1,1200.0,172.4246784592736,1133.2869692903553,817.5297746906477,41.94518010655932,403.834896851663,0.0,0.0,979.9117427942335,1200.0,820.9057453598211,0.0,
,light1,light2,light3,light4,light5,light6,light7,light8,light9,light10,light11,light12,
1,1200.0,172.41340661522548,1133.2947161766763,817.5388706460133,41.93959031476164,403.8396601571073,0.0,0.0,979.9111828029697,1200.0,820.9117292810406,0.0,
18,1200.0,172.41340123397848,1133.294719383448,817.538875699091,41.939587020598175,403.83966266209853,0.0,0.0,979.9111830592028,1200.0,820.9117270853887,0.0,
72,1200.0,172.41340100539708,1133.294719180728,817.5388755164365,41.93958673674536,403.83966244172984,0.0,0.0,979.9111828746366,1200.0,820.9117270085356,0.0,
