,sensor1,sensor2,sensor3,sensor4,sensor5,sensor6,sensor7,sensor8,sensor9,sensor10,sensor11,sensor12,
1,0.9851088407807538,12.146936107526813,0.389557837674829,17.11224769727687,10.690672853892465,4.731673110480358,46.643538524739256,79.2470242672772,31.411236508729303,28.741822888261936,34.213239539550784,26.690568061600857,
2,0.9160603717270988,12.089445164264816,0.3893118563256621,17.091382666767572,10.712811445691898,4.756215949094667,46.65176118758967,79.25167664875528,31.381257313834908,28.75445699965701,34.22045384849645,26.703278371154738,
108,0.916061950235985,12.089446164789024,0.38930979290296364,17.09138444364885,10.712813779033183,4.7562155865934415,46.65176050919143,79.2516761389524,31.381258280807742,28.754456556695516,34.220453600035285,26.703278242540932,
991,0.9160628373706459,12.089447207574494,0.3893111948573278,17.091383324734124,10.712812436617696,4.756214177825711,46.651760930844375,79.25167672149752,31.381257237284103,28.754456225487047,34.22045315694214,26.703278910444396,
