,sensor1,sensor2,sensor3,sensor4,sensor5,sensor6,sensor7,sensor8,sensor9,sensor10,sensor11,sensor12,
1,700.9851088407808,512.1469361075268,700.3895578376748,682.8877523027231,489.30932714610753,495.26832688951964,346.64353852473926,379.2470242672772,668.5887634912707,471.25817711173806,465.7867604604492,526.6905680616009,
2,700.9160599290614,512.0894446097444,700.3893109734305,682.9086166247829,489.2871876914871,495.2437832638296,346.65176091974854,379.251676295748,668.6187420519259,471.24554282919195,465.77954590853005,526.7032779850737,
108,700.9160623695082,512.0894466576237,700.3893104554859,682.9086160851658,489.2871868554107,495.2437850792097,346.6517607084704,379.2516764142713,668.6187422123761,471.2455435998382,465.77954660937667,526.7032785582014,
991,700.9160621968213,512.0894464546387,700.389310182586,682.9086158673614,489.2871865941008,495.24378480498325,346.65176062639284,379.2516763008749,668.618742009247,471.2455435353663,465.77954652312565,526.7032784281895,
