,light1,light2,light3,light4,light5,light6,light7,light8,light9,light10,light11,light12,
1,1200.0,172.82545441739603,1133.0984165100765,817.3243996442089,41.97139414395636,403.8623538320845,0.0,0.0,979.8272181209858,1200.0,821.0371362734458,0.0,
2,1200.0,172.41338606046946,1133.294728948294,817.5388811830085,41.93959494997856,403.83965545225846,0.0,0.0,979.911184075794,1200.0,820.9117214244271,0.0,
108,1200.0,172.4134018678972,1133.2947199590533,817.5388762284603,41.939587800630484,403.83966329734534,0.0,0.0,979.9111835788104,1200.0,820.911727297399,0.0,
991,1200.0,172.4134015838022,1133.294719702684,817.5388759939295,41.93958745020311,403.83966301551715,0.0,0.0,979.9111833468652,1200.0,820.9117272022517,0.0,
