,sensor1,sensor2,sensor3,sensor4,sensor5,sensor6,sensor7,sensor8,sensor9,sensor10,sensor11,sensor12,
1,2.3805510661449034,13.033276263519497,0.782770219583881,18.400203531450074,11.33450880701696,5.134122044714275,46.11245576514858,78.92320274931848,31.649204802024542,28.75362791633154,34.198147859463916,26.720038057509328,
2,0.9160628384222491,12.089447005736133,0.3893106913460542,17.09138449074851,10.712811339593827,4.756215546743249,46.65176074993224,79.25167661031855,31.381257553489718,28.754456278561747,34.220453159282044,26.703278673378804,
5,0.9160616684677052,12.089445833582772,0.38930934761617664,17.09138479903754,10.712814205407312,4.756216034044201,46.65176037526652,79.25167595392543,31.38125861225035,28.75445666189296,34.22045374076936,26.70327803040243,
6,0.9160617254599401,12.089445900575356,0.38930943768536963,17.091384727151762,10.712814119165103,4.75621594353737,46.65176040235593,79.25167599135125,31.38125854520831,28.754456640614762,34.22045371230308,26.703278073312276,
107,0.9160617750728761,12.089445958894089,0.3893095160891562,17.09138466457,10.7128140441053,4.75621586474233,46.651760425936914,79.25167602392935,31.38125848684956,28.754456622091595,34.22045368752367,26.70327811066545,
264,0.9160616177571228,12.089445773975399,0.38930926747980266,17.091384862993777,10.712814282141949,4.756216114570293,46.65176035116468,79.25167592062627,31.381258671900355,28.754456680825683,34.22045376609782,26.703277992223434,
