,sensor1,sensor2,sensor3,sensor4,sensor5,sensor6,sensor7,sensor8,sensor9,sensor10,sensor11,sensor12,
1,702.3805510661449,513.0332762635195,699.2172297804161,681.5997964685499,488.66549119298304,494.8658779552857,346.1124557651486,378.9232027493185,668.3507951979755,471.24637208366846,465.8018521405361,526.7200380575093,
2,700.9160618955765,512.0894459078557,700.3893092253219,682.9086143806837,489.28718717043375,495.2437830289476,346.65176031056944,379.2516759960845,668.6187413525481,471.24554337222867,465.77954636953956,526.7032779754586,
5,700.9160623275252,512.0894466082742,700.3893103891365,682.9086160322111,489.2871867918809,495.24378501253796,346.651760688515,379.2516763867018,668.6187421629899,471.2455435841639,465.77954658840724,526.7032785265922,
6,700.9160623492699,512.0894466338348,700.3893104235032,682.9086160596399,489.28718682478626,495.2437850470714,346.6517606988512,379.25167640098164,668.6187421885701,471.2455435922824,465.7795465992684,526.7032785429644,
107,700.9160621294875,512.0894463754917,700.3893100761769,682.9086157824416,489.28718649219655,495.243784698067,346.65176059438926,379.2516762566589,668.6187419300431,471.2455435102277,465.7795464894942,526.703278377496,
264,700.9160619191264,512.0894461282212,700.3893097437395,682.908615517114,489.28718617389154,495.24378436400394,346.6517604944049,379.2516761185235,668.6187416825967,471.2455434316896,465.779546384426,526.703278219118,
