,light1,light2,light3,light4,light5,light6,light7,light8,light9,light10,light11,light12,
1,1200.0,183.99998899106563,1126.1582180096273,810.9550287464731,40.099786594556114,403.6567052253771,0.0,0.0,979.9001874214288,1200.0,822.688822843192,0.0,
2,1200.0,172.41340217502693,1133.2947180911829,817.5388701898431,41.93959411203773,403.8396555848421,0.0,0.0,979.9111825843818,1200.0,820.9117277457516,0.0,
5,1200.0,172.41340179883645,1133.2947198967177,817.5388761714318,41.939587715438414,403.83966322882173,0.0,0.0,979.9111835224176,1200.0,820.9117272742701,0.0,
6,1200.0,172.4134018346025,1133.294719929008,817.5388762009742,41.93958775956165,403.83966326431624,0.0,0.0,979.9111835516272,1200.0,820.9117272862482,0.0,
107,1200.0,172.413401473031,1133.2947196027178,817.5388759025219,41.93958731348432,403.8396629056951,0.0,0.0,979.9111832564248,1200.0,820.9117271651502,0.0,
264,1200.0,172.41340112695306,1133.2947192904205,817.5388756167862,41.93958688668344,403.8396625623147,0.0,0.0,979.9111829738746,1200.0,820.9117270492455,0.0,
