,sensor1,sensor2,sensor3,sensor4,sensor5,sensor6,sensor7,sensor8,sensor9,sensor10,sensor11,sensor12,
1,0.9851088407807538,12.146936107526813,0.389557837674829,17.11224769727687,10.690672853892465,4.731673110480358,46.643538524739256,79.2470242672772,31.411236508729303,28.741822888261936,34.213239539550784,26.690568061600857,
2,0.9162473566119615,12.08958469269703,0.3892363066820508,17.091527456405743,10.712753472097233,4.756205154461668,46.65173153793853,79.25167944880616,31.381267785042155,28.754402592837437,34.22039865969947,26.703302891431463,
8,0.9160617616461195,12.089445943107194,0.38930949481402877,17.091384681507293,10.712814064577117,4.756215886023483,46.6517604195389,79.2516760150898,31.381258502678065,28.75445662710399,34.22045369423995,26.70327810054573,
9,0.9160621943777869,12.089446451766094,0.38931017872414486,17.09138413572066,10.712813409597231,4.7562151988971095,46.651760625231304,79.25167629927023,31.3812579936274,28.754456465546127,34.22045347809495,26.703278426349584,
40,0.9160621290060362,12.08944637487059,0.38931007518158367,17.091384218437156,10.712813508606871,4.756215302925341,46.651760594084635,79.25167625626943,31.381258070668878,28.75445648996333,34.220453510768095,26.703278377056336,
49,0.9160616107925534,12.089445765788923,0.38930925647423464,17.091384871778132,10.712814292680434,4.75621612562918,46.65176034785469,79.25167591605367,31.381258680090127,28.754456683425474,34.22045376957561,26.703277986981675,
209,0.9160623692748686,12.089446640660299,0.38931059391677536,17.091384095903663,10.712812362764339,4.756215302664316,46.65176074263178,79.2516764845808,31.38125770340423,28.754456410947796,34.2204533521907,26.70327856187373,
