,sensor1,sensor2,sensor3,sensor4,sensor5,sensor6,sensor7,sensor8,sensor9,sensor10,sensor11,sensor12,
1,700.9851088407808,512.1469361075268,700.3895578376748,682.8877523027231,489.30932714610753,495.26832688951964,346.64353852473926,379.2470242672772,668.5887634912707,471.25817711173806,465.7867604604492,526.6905680616009,
2,700.9162121626118,512.0895475437738,700.3892002259598,682.9084481527192,489.28720521351136,495.24375395865064,346.6517210498843,379.25166265982926,668.6187029493454,471.2455850764828,465.77958577706465,526.7032825107271,
8,700.9160621589393,512.0894464101069,700.3893101226657,682.9086158195862,489.2871865366148,495.2437847448755,346.651760608372,379.251676275977,668.6187419646535,471.2455435212239,465.77954650419474,526.7032783996592,
9,700.9160616631667,512.0894458273525,700.3893093392423,682.9086151942797,489.28718578657237,495.24378395754104,346.6517603727481,379.25167595044576,668.618741381517,471.2455433361283,465.77954625658356,526.703278026413,
40,700.9160619602088,512.0894461764624,700.3893098084502,682.9086155686891,489.28718623597695,495.24378442904555,346.6517605138628,379.2516761454342,668.618741730791,471.2455434470179,465.7795464049256,526.7032782499799,
49,700.9160620264736,512.0894462544028,700.3893099133824,682.9086156525074,489.28718633632974,495.24378453447156,346.65176054542695,379.25167618901446,668.6187418088696,471.2455434717675,465.77954643804276,526.7032782999386,
209,700.9160621008834,512.0894463254489,700.3893101659478,682.9086155692494,489.2871872123867,495.243784279658,346.65176061408147,379.25167630650196,668.618741978553,471.2455434890809,465.77954651279623,526.7032783595408,
