,light1,light2,light3,light4,light5,light6,light7,light8,light9,light10,light11,light12,
1,1200.0,172.82545441739603,1133.0984165100765,817.3243996442089,41.97139414395636,403.8623538320845,0.0,0.0,979.8272181209858,1200.0,821.0371362734458,0.0,
2,1200.0,172.41456290007145,1133.293964015643,817.5379813845072,41.93978037822557,403.8394879917581,0.0,0.0,979.911090708034,1200.0,820.9121909672413,0.0,
8,1200.0,172.41340152164213,1133.294719646272,817.5388759426892,41.93958737258182,403.83966295425273,0.0,0.0,979.9111832959328,1200.0,820.9117271814214,0.0,
9,1200.0,172.41340070586108,1133.2947189104252,817.5388752691591,41.93958636727149,403.83966214458576,0.0,0.0,979.9111826300849,1200.0,820.9117269082169,0.0,
40,1200.0,172.41340119509346,1133.2947193508182,817.5388756717691,41.93958697024679,403.83966262887964,0.0,0.0,979.9111830288797,1200.0,820.9117270721221,0.0,
49,1200.0,172.41340130355445,1133.2947194497874,817.5388757625764,41.93958710451998,403.8396627375081,0.0,0.0,979.9111831180619,1200.0,820.9117271083928,0.0,
209,1200.0,172.4134009762254,1133.2947200404365,817.5388742912528,41.939591135617796,403.83965973850695,0.0,0.0,979.911183358773,1200.0,820.9117270927186,0.0,
