,light1,light2,light3,light4,light5,light6,light7,light8,light9,light10,light11,light12,
1,1200.0,439.9160815540898,371.1724164890626,285.2535889123503,0.0,843.9999839299716,911.9393544311396,471.9973169181651,607.5009920882616,1200.0,198.56533266599274,0.0,
,light1,light2,light3,light4,light5,light6,light7,light8,light9,light10,light11,light12,
1,1200.0,57.31025514514118,1200.0,902.8983884501745,0.0,0.0,63.52504943587256,568.0000013325368,1046.3527266366198,1200.0,1116.8250729687893,17.644122933332227,
,light1,light2,light3,light4,light5,light6,light7,light8,light9,light10,light11,light12,
1,1200.0,60.758650299483755,1200.0,904.4287920937087,0.0,0.0,33.7499750319304,542.9997001531661,1081.6009990621594,1200.0,1200.0,0.0,
,light1,light2,light3,light4,light5,light6,light7,light8,light9,light10,light11,light12,
1,672.9774476471033,1075.3831412026661,0.0,1179.1936926515577,0.0,0.0,0.0,458.983165710587,474.6640087462673,0.0,1175.0000721461067,1200.0,
