,sensor1,sensor2,sensor3,sensor4,sensor5,sensor6,sensor1,sensor2,sensor3,sensor4,sensor5,sensor6,
1,69.69719915808128,30.156946315352343,95.1950769182161,37.78844942824344,71.35761923981522,31.515788853894946,14.234549850299572,8.416533743954687,44.16618338013569,17.810786613252958,14.410055581921597,8.352549259959403,
2,15.164434148321448,45.270279453059516,45.72454288306881,15.860711339930731,45.09189308717339,18.03323539057584,8.598194954141263,19.472572947611127,2.3243410424753392,2.31523880774904,3.4831366348241204,2.674847504315437,
3,24.64453853948686,13.038727231459461,42.17847295062154,8.663530110688328,109.6465540251474,117.19424543662853,