,sensor1,sensor2,sensor3,sensor4,sensor5,sensor6,sensor7,sensor8,sensor9,sensor10,sensor11,sensor12,
1,2.0797383722033373,13.075634230451897,1.5089028814782068,18.846016367210154,11.902865954973322,5.798414396529836,45.89773377052114,78.66686124224867,32.0642698507761,28.88424791367845,34.37373977488062,26.501402704847465,
,sensor1,sensor2,sensor3,sensor4,sensor5,sensor6,sensor7,sensor8,sensor9,sensor10,sensor11,sensor12,
1,0.9160645473930344,12.089447860836913,0.38930767829720025,17.091387627336417,10.712813446943471,4.756216378705233,46.65175975469242,79.25167583978822,31.381259088207344,28.754455849134956,34.22045293703309,26.703278239576434,
2,0.9160624495359571,12.089446751640253,0.38931058172090616,17.09138381415039,10.712813023606088,4.756214793905883,46.65176074643216,79.25167646674743,31.381257693634097,28.754456370294065,34.22045335067537,26.703278618377567,
3,0.9160614511854419,12.089445578178584,0.3893090042441827,17.09138507308535,10.712814534198401,4.7562163790850605,46.65176027199385,79.25167581124612,31.38125886783405,28.75445674301426,34.220453849293904,26.703277866816848,
12,0.9160628226271683,12.089447190244073,0.3893111715578925,17.091383343329426,10.712812458927829,4.756214201238322,46.65176092383672,79.25167671181606,31.38125725462669,28.75445623099148,34.220453164306036,26.70327889934447,
37,0.9160620747659323,12.089446311168103,0.3893099896996546,17.091384286582866,10.712813590594124,4.75621538884036,46.65176056838021,79.25167622072615,31.381258134324867,28.754456510202658,34.22045353783682,26.703278336296762,
536,0.9160624063587193,12.089446701920338,0.3893105177198777,17.09138386345569,10.712813088126836,4.756214857981604,46.65176072728718,79.25167643969917,31.381257741789568,28.754456386197717,34.22045337186648,26.70327858729604,
