,sensor1,sensor2,sensor3,sensor4,sensor5,sensor6,sensor7,sensor8,sensor9,sensor10,sensor11,sensor12,
1,702.0797383722033,513.0756342304519,698.4910971185218,681.1539836327898,488.0971340450267,494.20158560347016,345.89773377052114,378.6668612422487,667.9357301492239,471.11575208632155,465.6262602251194,526.5014027048475,
,sensor1,sensor2,sensor3,sensor4,sensor5,sensor6,sensor7,sensor8,sensor9,sensor10,sensor11,sensor12,
1,700.9160649066195,512.0894483225624,700.389308427433,682.9086130134134,489.28718720332034,495.24378433399136,346.6517599834363,379.25167613422695,668.6187414470304,471.24554429258797,465.77954726095123,526.7032785670685,
2,700.9160617483693,512.0894459274546,700.3893094736676,682.908615301504,489.28718591539246,495.24378409265375,346.65176041317346,379.25167600632403,668.6187414816018,471.2455433679286,465.7795462991174,526.7032780904892,
3,700.9160618416643,512.0894460371682,700.3893096213249,682.9086154194131,489.28718605667564,495.24378424099467,346.6517604575875,379.25167606765774,668.6187415914806,471.2455434027696,465.77954634573683,526.7032781607996,
12,700.9160620647737,512.0894462994228,700.3893099739088,682.908615700814,489.2871863942856,495.24378459529197,346.6517605636309,379.2516762141646,668.6187418539214,471.2455434860667,465.7795464571724,526.7032783287738,
37,700.9160620827499,512.0894463205531,700.389310002317,682.9086157234871,489.2871864214874,495.24378462383834,346.6517605721749,379.2516762259689,668.6187418750666,471.2455434927781,465.7795464661509,526.7032783423077,
536,700.9160620701002,512.0894463066358,700.3893099862095,682.9086157122905,489.2871864030268,495.24378460791615,346.6517605674269,379.2516762188566,668.6187418626029,471.2455434882554,465.77954646017395,526.7032783340958,
