,light1,light2,light3,light4,light5,light6,light7,light8,light9,light10,light11,light12,
1,1196.740405688451,188.81195292510853,1123.3180830799986,810.2516398002633,39.10038096140248,402.3993403364482,0.0,0.0,979.662673368387,1200.0,822.7053716169183,0.0,
,light1,light2,light3,light4,light5,light6,light7,light8,light9,light10,light11,light12,
1,1200.0,172.41342193872717,1133.2947067204695,817.5388601710978,41.93959176176568,403.83965949124513,0.0,0.0,979.9111818742516,1200.0,820.9117353461319,0.0,
2,1200.0,172.41340084661303,1133.2947190362947,817.5388753841028,41.93958654023556,403.8396622832532,0.0,0.0,979.9111827443379,1200.0,820.911726955409,0.0,
3,1200.0,172.41340099951648,1133.2947191754208,817.5388755115819,41.93958672949172,403.8396624358961,0.0,0.0,979.9111828698339,1200.0,820.9117270065659,0.0,
12,1200.0,172.41340136656407,1133.2947195066472,817.5388758145925,41.939587182241475,403.8396628000141,0.0,0.0,979.911183169505,1200.0,820.9117271294955,0.0,
37,1200.0,172.4134013961375,1133.2947195333347,817.5388758390067,41.93958721872019,403.8396628293519,0.0,0.0,979.9111831936499,1200.0,820.9117271394,0.0,
536,1200.0,172.41340136531753,1133.294719525264,817.5388758389555,41.939587185018276,403.83966282134634,0.0,0.0,979.9111831798882,1200.0,820.9117271279387,0.0,
