,sensor1,sensor2,sensor3,sensor4,sensor5,sensor6,sensor7,sensor8,sensor9,sensor10,sensor11,sensor12,
1,1.5954874505044927,17.542963175154455,1.352629754749728,18.023475082495793,10.90974353534557,5.182420965271092,45.97966401139712,79.00293390353829,31.452445279844028,28.54871564957051,34.020850896198965,27.258136304956793,
,sensor1,sensor2,sensor3,sensor4,sensor5,sensor6,sensor7,sensor8,sensor9,sensor10,sensor11,sensor12,
1,0.9161154548784225,12.089484473273728,0.3892810980412378,17.09143373315294,10.712800185609751,4.756218855563532,46.65174974899969,79.25167470183567,31.38126567825725,28.754441304672582,34.2204384853934,26.70328296882701,
5,0.9160619035867512,12.089446109704568,0.3893097181844496,17.091384503749964,10.712813849708937,4.756215661805072,46.651760486693036,79.25167610801617,31.381258336301357,28.754456574165204,34.22045362341942,26.7032782070778,
27,0.9160627224349582,12.089447072528856,0.38931101343939645,17.09138346941313,10.712812610543722,4.756214360080776,46.65176087628686,79.25167664608904,31.381257372346226,28.754456268385695,34.22045321433103,26.703278823987603,
50,0.9160626817514412,12.08944702465135,0.38931094892984675,17.091383521011153,10.712812672101336,4.756214424948496,46.65176085687892,79.2516766193088,31.381257420336624,28.75445628358682,34.220453234668526,26.70327879328238,
