,sensor1,sensor2,sensor3,sensor4,sensor5,sensor6,sensor7,sensor8,sensor9,sensor10,sensor11,sensor12,
1,701.5954874505045,517.5429631751545,698.6473702452503,681.9765249175042,489.09025646465443,494.8175790347289,345.9796640113971,379.0029339035383,668.547554720156,471.4512843504295,465.97914910380103,527.2581363049568,
,sensor1,sensor2,sensor3,sensor4,sensor5,sensor6,sensor7,sensor8,sensor9,sensor10,sensor11,sensor12,
1,700.9160664031689,512.0894442376896,700.3892840880895,682.9085870406329,489.28717428537817,495.2437654123272,346.65175215014807,379.2516685186922,668.61872662194,471.2455437188305,465.77954529385164,526.7032712695433,
5,700.9160621641324,512.0894464159744,700.3893101299711,682.9086158249215,489.28718654455247,495.2437847519891,346.6517606105434,379.2516762791186,668.6187419702007,471.2455435231108,465.7795465067177,526.703278403251,
27,700.9160621142538,512.0894463576388,700.3893100523143,682.9086157634998,489.28718646915485,495.243784674122,346.65176058721806,379.2516762467196,668.6187419122557,471.24554350455185,465.77954648190314,526.7032783661,
50,700.9160623296682,512.0894466107939,700.3893103925261,682.9086160349169,489.2871867951248,495.2437850159439,346.65176068953457,379.25167638811,668.6187421655128,471.2455435849641,465.77954658947806,526.7032785282069,
