,light1,light2,light3,light4,light5,light6,light7,light8,light9,light10,light11,light12,
1,1162.8839577239858,235.85923271542316,1105.7227686636943,811.4028511654194,39.337600811418184,397.99996369209964,0.0,0.0,981.8384507304371,1200.0,825.2280448421488,0.0,
,light1,light2,light3,light4,light5,light6,light7,light8,light9,light10,light11,light12,
1,1200.0,172.4134946781349,1133.2946337650685,817.5387751801177,41.93959100627002,403.8396255354516,0.0,0.0,979.9111612839628,1200.0,820.9117656170788,0.0,
5,1200.0,172.41340153247648,1133.2947196515304,817.5388759450701,41.93958738631958,403.8396629586517,0.0,0.0,979.9111833021674,1200.0,820.9117271853579,0.0,
27,1200.0,172.4134014474276,1133.2947195806812,817.5388758828457,41.93958728198082,403.83966288165317,0.0,0.0,979.9111832361385,1200.0,820.9117271565083,0.0,
50,1200.0,172.41340180235446,1133.2947198999072,817.5388761743527,41.93958771978448,403.83966323232596,0.0,0.0,979.911183525299,1200.0,820.911727275448,0.0,
