,sensor1,sensor2,sensor3,sensor4,sensor5,sensor6,sensor7,sensor8,sensor9,sensor10,sensor11,sensor12,
1,3.1520660264299067,14.45245432466038,0.38248930336908415,18.02933030408144,10.714555613509447,4.584621867772171,46.644454900518895,79.55142187147607,32.06302306707721,27.147083674885323,32.6949717298541,27.374526637228996,
3,0.9172551401580904,12.090337748608022,0.38880162280293007,17.092287538489472,10.712562076539768,4.75609500119657,46.65156438912436,79.25168178093213,31.381340847570527,28.75410832833819,34.220107895857154,26.703432355006726,
6,0.916061867014605,12.089446064795766,0.3893096524259363,17.09138455941263,10.71281390692809,4.75621572808808,46.651760466724625,79.25167608153413,31.381258384273792,28.754456588217863,34.22045364240205,26.703278176880985,
14,0.9160606964420595,12.089444681665782,0.3893077691086546,17.091386069727264,10.712815699369514,4.756217612144383,46.651759899684976,79.25167530202236,31.381259781965582,28.754457026615114,34.220454230535495,26.703277285154286,
51,0.9160614739233779,12.089445604905904,0.38930904017763623,17.09138504440682,10.712814499791193,4.756216342977041,46.65176028280115,79.25167582617718,31.381258841087742,28.754456734525093,34.22045383793716,26.703277883935698,
267,0.9160622749999447,12.08944652600428,0.38931021726750714,17.091384129087714,10.712813324811066,4.756215151393917,46.65176063156417,79.25167632165977,31.381257947365498,28.75445645107027,34.2204534553656,26.703278457701913,
