,sensor1,sensor2,sensor3,sensor4,sensor5,sensor6,sensor7,sensor8,sensor9,sensor10,sensor11,sensor12,
1,703.1520660264299,514.4524543246604,699.6175106966309,681.9706696959186,489.28544438649055,495.41537813222783,346.6444549005189,379.55142187147607,667.9369769329228,472.8529163251147,467.3050282701459,527.374526637229,
3,700.9170215369461,512.0900945460817,700.3885800433146,682.9075654861083,489.2871819647659,495.24364221451225,346.65150039388493,379.25157640878865,668.6184759817784,471.2458104237306,465.7797909261931,526.7033022669032,
6,700.9160624226087,512.08944671803,700.3893105310977,682.908616142135,489.2871869339367,495.24378515488297,346.65176073101054,379.2516764465728,668.6187422696718,471.24554361924436,465.7795466351564,526.7032785953955,
14,700.916061704828,512.0894458671693,700.3893093635559,682.9086152030397,489.2871858270085,495.2437839898798,346.65176037924925,379.25167596447017,668.6187414047291,471.24554334989955,465.7795462732071,526.7032780446226,
51,700.9160621234035,512.0894463683394,700.3893100665628,682.908615774762,489.2871864830044,495.24378468839615,346.65176059149746,379.2516762526643,668.6187419228866,471.2455435079559,465.77954648645584,526.7032783729146,
267,700.9160620263352,512.0894462346913,700.3893098285374,682.9086155616822,489.28718630073905,495.24378445753837,346.6517605149926,379.25167615989847,668.6187417622665,471.24554345715535,465.7795464215219,526.7032782719001,
