,light1,light2,light3,light4,light5,light6,light7,light8,light9,light10,light11,light12,
1,1194.9035887933562,194.54905518477415,1122.3164290133525,809.9680196632836,40.60302901530561,403.3130575143425,0.0,0.0,977.3646143566934,1194.9999910718889,838.2891145043856,0.0,
3,1200.0,172.42091570837684,1133.2897944231202,817.5333845890628,41.94020737350099,403.8390296040129,0.0,0.0,979.9105644631095,1200.0,820.9147068666484,0.0,
6,1200.0,172.41340197671204,1133.294720014932,817.538876265029,41.9395879234861,403.83966335875226,0.0,0.0,979.9111836432133,1200.0,820.911727336214,0.0,
14,1200.0,172.41340088354147,1133.2947188555233,817.5388751874838,41.93958645155192,403.839662151157,0.0,0.0,979.9111826509343,1200.0,820.911726977107,0.0,
51,1200.0,172.41340146301874,1133.294719593689,817.5388758942192,41.93958730121731,403.83966289569906,0.0,0.0,979.9111832482532,1200.0,820.9117271617993,0.0,
267,1200.0,172.41340152030932,1133.2947192164063,817.5388754629689,41.93958716116747,403.8396625602998,0.0,0.0,979.9111830685518,1200.0,820.911727129613,0.0,
