,sensor1,sensor2,sensor3,sensor4,sensor5,sensor6,sensor7,sensor8,sensor9,sensor10,sensor11,sensor12,
1,3.0493126734047564,14.468422587868986,0.47656745238532494,17.724746058201504,10.799209068944322,4.834625345696736,46.164279060406784,78.95545754971789,31.822067569047363,28.691490230064176,34.19841794238232,26.662956323435537,
,sensor1,sensor2,sensor3,sensor4,sensor5,sensor6,sensor7,sensor8,sensor9,sensor10,sensor11,sensor12,
1,0.9164215549822075,12.089718526505635,0.38917677371352966,17.09164082053576,10.712715248717245,4.756171042280187,46.65170769110625,79.25168473942392,31.381270704395092,28.7543509891222,34.22034695205514,26.70333040444939,
2,0.9160619712403104,12.089446188536272,0.3893098218668456,17.09138442168603,10.71281374940213,4.75621555678822,46.65176051781782,79.25167615139259,31.38125825872828,28.75445654903865,34.2204535899653,26.703278257006104,
8,0.916062148769015,12.089446396092626,0.3893100944770822,17.09138420178556,10.712813494510442,4.756215274747035,46.65176059978785,79.25167626507243,31.381258054811497,28.754456482881437,34.220453502426494,26.70327838868218,
25,0.9160621917089884,12.08944644267683,0.3893101183595036,17.091384153826084,10.712813540223806,4.756215181660593,46.65176060735229,79.25167627596318,31.381258031387915,28.754456466725685,34.22045348845211,26.703278412002533,
498,0.9160616610278112,12.089445824838663,0.3893093358622082,17.0913848084175,10.71281421666373,4.756216045855126,46.6517603717316,79.25167594904138,31.38125862099855,28.754456664670215,34.22045374448459,26.703278024803012,
