,sensor1,sensor2,sensor3,sensor4,sensor5,sensor6,sensor7,sensor8,sensor9,sensor10,sensor11,sensor12,
1,703.0493126734048,514.468422587869,699.5234325476147,682.2752539417985,489.2007909310557,495.16537465430326,346.1642790604068,378.9554575497179,668.1779324309526,471.3085097699358,465.8015820576177,526.6629563234355,
,sensor1,sensor2,sensor3,sensor4,sensor5,sensor6,sensor7,sensor8,sensor9,sensor10,sensor11,sensor12,
1,700.9163559126596,512.0896481536955,700.3891048092352,682.9083083819717,489.28720596833523,495.2437483187508,346.65168662278444,379.2516519564357,668.6186718053043,471.2456257967496,465.7796235812566,526.7032908656515,
2,700.9160629527717,512.0894473425252,700.3893113740979,682.908616817463,489.2871877364218,495.24378600279925,346.65176098469004,379.25167679627623,668.6187428965164,471.24554381746043,465.7795469003855,526.7032789963292,
8,700.9160616385979,512.0894457968825,700.3893092910444,682.9086151567,489.2871857371894,495.24378391586544,346.65176035817063,379.25167593104254,668.6187413468147,471.245543326718,465.77954624311883,526.70327800535,
25,700.9160616851091,512.0894458482512,700.3893093274705,682.9086152099742,489.28718571459854,495.2437840104705,346.6517603694428,379.2516759470066,668.6187413786885,471.24554334417945,465.7795462600617,526.7032780327525,
498,700.9160622191172,512.0894464808463,700.3893102178206,682.9086158954825,489.2871866278388,495.2437848403892,346.65176063699,379.25167631551574,668.6187420354735,471.2455435436903,465.7795465342616,526.7032784449756,
