,light1,light2,light3,light4,light5,light6,light7,light8,light9,light10,light11,light12,
1,1193.8655964805173,195.48649088535024,1122.2752704960428,811.4174794123765,40.29778484722361,402.6619150095683,0.0,0.0,979.6243166580947,1200.0,822.9999801066493,0.0,
,light1,light2,light3,light4,light5,light6,light7,light8,light9,light10,light11,light12,
1,1200.0,172.41565289513323,1133.2932644256584,817.5372232432704,41.93983865304771,403.83944351364323,0.0,0.0,979.9110095952774,1200.0,820.9126210166881,0.0,
2,1200.0,172.4134028356625,1133.2947208161784,817.5388770098391,41.93958898487622,403.839664244042,0.0,0.0,979.9111843595823,1200.0,820.911727622246,0.0,
8,1200.0,172.41340069104933,1133.294718846566,817.5388752254094,41.9395862774157,403.8396621248107,0.0,0.0,979.9111825888926,1200.0,820.9117269040744,0.0,
25,1200.0,172.41340087502732,1133.294718800757,817.5388753784472,41.93958596232898,403.839662496119,0.0,0.0,979.9111826172616,1200.0,820.9117269607559,0.0,
498,1200.0,172.41340162048184,1133.2947197357844,817.5388760242106,41.93958749544647,403.83966305190523,0.0,0.0,979.9111833768122,1200.0,820.9117272145361,0.0,
