,sensor1,sensor2,sensor3,sensor4,sensor5,sensor6,sensor7,sensor8,sensor9,sensor10,sensor11,sensor12,sensor1,sensor2,sensor3,sensor4,sensor5,sensor6,sensor7,sensor8,sensor9,sensor10,sensor11,sensor12,
1,87.22844450536138,74.85563354391127,33.65266489915615,145.11043688073312,135.63566611857766,42.97007739880371,63.56941418422366,130.44747145643373,43.45697510988498,9.36016728411812,23.859007945343706,9.775206318657808,46.317241370852685,38.827394735636176,22.008765703201902,88.11004300085511,94.14975159407811,19.047434408954416,19.285440894528733,86.6668091018114,18.768624727112694,14.237080042116872,12.847080948573876,13.064688436467407,
2,11.81305586349771,19.70219514827943,28.89860208350217,34.923014183785995,47.89161442830073,41.24579053280297,12.868368841652455,6.132664033900198,34.22284259043977,69.98119423414477,69.40283785021415,30.408438246469018,0.9249672560382578,4.07638531597712,10.64498667392769,7.595718072648367,9.534667949769926,20.17798932132905,6.718188916005715,20.4534973311022,28.745759283232246,47.30977751849025,44.86660628686752,30.14813047159032,
