,sensor1,sensor2,sensor3,sensor4,sensor5,sensor6,sensor1,sensor2,sensor3,sensor4,sensor5,sensor6,
1,69.69719915808128,30.156946315352343,95.1950769182161,37.78844942824344,71.35761923981522,31.515788853894946,14.58520535651553,8.18858956245765,45.523365366279734,17.085511725278366,14.35764827296282,9.178614525845148,
2,15.164434148321448,45.270279453059516,45.72454288306881,15.860711339930731,45.09189308717339,18.03323539057584,12.722664690478666,22.64083906588769,4.2495703644726746,1.3524384952415858,8.897492503735464,4.867620185580222,
3,24.64453853948686,13.038727231459461,42.17847295062154,8.663530110688328,109.6465540251474,117.19424543662853,1.2235542660162082,3.4863392646392413,2.2033609816775765,3.0520109693216,56.76368571541616,34.326177248725116,
