,sensor1,sensor2,sensor3,sensor4,sensor5,sensor6,sensor7,sensor8,sensor9,sensor10,sensor11,sensor12,sensor1,sensor2,sensor3,sensor4,sensor5,sensor6,sensor7,sensor8,sensor9,sensor10,sensor11,sensor12,
1,39.14327104151613,20.86274735730376,1.592045291113891,64.77991324256408,34.89176641603444,3.856804863145044,47.29779006782695,97.00458115625725,90.06968982616138,16.109631659973502,62.51099054597944,92.38782797958447,3.925956587874282,1.2299242032194684,0.09212946659863519,15.018969300720926,9.999621100641718,0.9680674630591852,15.052958245270645,37.645566085438645,36.97381773519044,0.5766291960518402,53.22147949770465,45.78654048588555,
