,sensor1,sensor2,sensor3,sensor4,sensor5,sensor6,sensor1,sensor2,sensor3,sensor4,sensor5,sensor6,
1,69.69719915808128,30.156946315352343,95.1950769182161,37.78844942824344,71.35761923981522,31.515788853894946,14.688889729364519,7.560625184955029,45.83121727352278,14.973954050719328,14.898698916331568,7.460824732808987,
2,15.164434148321448,45.270279453059516,45.72454288306881,15.860711339930731,45.09189308717339,18.03323539057584,12.551762059633404,22.359349618316912,4.063342135811922,1.4231685165312342,8.995837487739095,4.953179748966818,
3,24.64453853948686,13.038727231459461,42.17847295062154,8.663530110688328,109.6465540251474,117.19424543662853,0.7320409983342415,1.8203525215080845,1.1506546074051585,0.6979650199760385,58.39612919145526,33.89597094666249,
