,sensor1,sensor2,sensor3,sensor4,sensor5,sensor6,sensor1,sensor2,sensor3,sensor4,sensor5,sensor6,
1,126.63258512305447,138.49346517693436,132.7539765778523,3.9135915193863298,101.54996906707328,5.507185410092291,44.83952639429572,110.73499437954024,38.1231818780027,34.709165058426606,98.37047316939186,37.01318425376519,
2,8.177087326553647,99.30081392809234,56.31133422315048,78.9653344629678,12.954837995965022,2.509992497285623,4.672552529166751,47.64576338196014,37.537435797966964,39.204270553914796,16.172742870809714,3.1323265830914124,
3,34.60048980704454,78.84852896706815,71.69803496026515,0.8395808789258581,2.4712102197762533,102.09140604251445,