,sensor1,sensor2,sensor3,sensor4,sensor5,sensor6,sensor7,sensor8,sensor9,sensor10,sensor11,sensor12,sensor1,sensor2,sensor3,sensor4,sensor5,sensor6,sensor7,sensor8,sensor9,sensor10,sensor11,sensor12,
1,52.45533531978316,22.72328569947132,73.97823941042122,89.91033564975231,117.34539468186,6.300654196264418,64.26756540629708,86.45487490526205,46.04415311074058,0.44254814288586886,148.62496586794703,65.88913810780741,