,sensor1,sensor2,sensor3,sensor4,sensor5,sensor6,sensor7,sensor8,sensor9,sensor10,sensor11,sensor12,
1,3.105646428556497,14.260694194847702,0.33002760789406693,17.701285229646942,10.695541499691217,4.661365551855965,46.25189899890347,79.14596738282461,31.202623632837913,28.62567386274111,34.02623700989852,27.058787983485445,
4,0.9160616812829403,12.089445999617965,0.389310365551637,17.091384206438875,10.712812612245841,4.756215921972739,46.651760685052466,79.25167631976029,31.381257977690325,28.754456642288915,34.22045360089061,26.70327829748328,
9,0.9160620907138082,12.089446324275059,0.3893099897437651,17.091384293640544,10.712813578769897,4.756215384977111,46.651760567881865,79.25167622317133,31.381258131196887,28.754456505360963,34.22045353235819,26.703278340253632,
24,0.9160620758065079,12.089446313391363,0.3893099956490005,17.09138428037795,10.712813587438461,4.75621538314806,46.65176057026457,79.25167622276365,31.381258130424953,28.7544565096116,34.220453536909986,26.70327833848728,
