,sensor1,sensor2,sensor3,sensor4,sensor5,sensor6,sensor7,sensor8,sensor9,sensor10,sensor11,sensor12,
1,703.1056464285565,514.2606941948477,699.6699723921059,682.2987147703531,489.3044585003088,495.33863444814403,346.25189899890347,379.1459673828246,668.7973763671621,471.3743261372589,465.9737629901015,527.0587879834854,
4,700.9160612532033,512.0894454445721,700.3893093457615,682.9086150556037,489.2871861968423,495.24378336751397,346.6517603773128,379.2516759157383,668.6187413050685,471.24554319364785,465.77954613995234,526.7032778867224,
9,700.9160620495106,512.0894462798979,700.3893099427535,682.908615673916,489.287186367854,495.2437845649792,346.65176055411604,379.25167620190155,668.618741831597,471.24554348005495,465.77954644885756,526.703278315026,
24,700.9160620712455,512.0894463072812,700.3893099852169,682.9086157102041,489.28718640447664,495.24378460658323,346.6517605670558,379.25167621875477,668.6187418622072,471.24554348853405,465.77954646050756,526.7032783340005,
