,light1,light2,light3,light4,light5,light6,light7,light8,light9,light10,light11,light12,
1,1195.9554720753217,192.3925925482588,1123.5658162771165,811.3932599432571,40.53515890935605,403.1641410616375,0.0,0.0,980.7464015921416,1200.0,822.9430012299173,0.0,
4,1200.0,172.41339821793554,1133.2947202405724,817.5388749173475,41.93958933049125,403.83965919863465,0.0,0.0,979.9111826620721,1200.0,820.911726037723,0.0,
9,1200.0,172.41340135987625,1133.2947194642802,817.5388757689913,41.93958715400346,403.83966276232144,0.0,0.0,979.911183143076,1200.0,820.9117271289361,0.0,
24,1200.0,172.41340137439832,1133.2947195192646,817.5388758275367,41.939587194309894,403.83966281309324,0.0,0.0,979.9111831791065,1200.0,820.9117271318412,0.0,
