,sensor1,sensor2,sensor3,sensor4,sensor5,sensor6,sensor7,sensor8,sensor9,sensor10,sensor11,sensor12,
1,0.7931965029927142,22.265909161013155,2.776946074498369,17.082213377431344,10.284923977162123,5.257079674102556,44.090069693187615,78.51955548329164,33.49843950948923,33.75187352403475,33.294294983396185,30.34406493154586,
2,6.057198972025503,20.901549658082672,1.2526325550705906,16.455968955625394,10.329473546258441,5.733043748626528,46.899626653525615,77.62608861500286,32.285134092069825,28.831812062883728,34.4520684344439,28.744741773118335,
15,6.056233881449089,20.90260489177274,1.2511301852659926,16.45490795609976,10.32852525211797,5.732303237804217,46.89952493958464,77.62544265663831,32.287954403351364,28.832176612137346,34.45293752093977,28.742674583789267,
167,6.04480558716466,20.912538064360547,1.2421807282825057,16.43888990693597,10.31968257155603,5.729590219393799,46.89992646283525,77.61960110921223,32.315880887584854,28.834849203610133,34.46094974253327,28.72260911873059,
283,6.060914820139828,20.899288263160088,1.2609244752862878,16.45332218969736,10.316178364098391,5.7105661636906575,46.9201390920058,77.67382648086408,32.134448765837874,28.804545218002772,34.40080752879646,28.85166526000262,
