,sensor1,sensor2,sensor3,sensor4,sensor5,sensor6,sensor7,sensor8,sensor9,sensor10,sensor11,sensor12,
1,699.2068034970073,522.2659091610132,697.2230539255016,682.9177866225687,489.7150760228379,494.74292032589744,344.0900696931876,378.51955548329164,666.5015604905108,466.24812647596525,466.7057050166038,530.3440649315459,
2,693.94280043033,520.9015489555884,698.7473665004662,683.5440302906082,489.6705255493328,494.2669553023896,346.89962636949275,377.6260882225728,667.7148652049003,471.1681877140577,465.54793126710484,528.7447413231755,
15,693.9309280430821,520.8883127054968,698.7288034685564,683.5304832063741,489.6572247215498,494.2553144426056,346.89909231195156,377.6299561876106,667.7369534179522,471.1703627402001,465.55431685197425,528.7612679320596,
167,693.9316367111476,520.88868002489,698.7287089209871,683.5315928556021,489.65717683956325,494.25439187487564,346.89876554625135,377.62865832103427,667.7323213269799,471.16971128241914,465.5528585973945,528.7580143428944,
283,693.8712106706482,520.8149865016101,698.6331717890139,683.4493618833635,489.54723839456335,494.13002921781543,346.84942143857705,377.54205119206256,667.5161996634074,471.1205146159275,465.4730978898856,528.6100281536128,
