,light1,light2,light3,light4,light5,light6,light7,light8,light9,light10,light11,light12,
1,1115.6939605759085,293.9819878727242,1079.9997861494335,815.6132387582928,39.40984501563199,392.17353208168754,0.0,0.0,971.8053753999037,1200.0,777.1260473824328,88.25046629870843,
2,1200.0,267.51917406442595,1097.024901713667,836.0044557398744,7.766752256238009,397.116730921048,0.0,0.0,988.3180807068023,1200.0,827.1999903759453,0.0,
15,1200.0,267.49082251174787,1097.0000000222183,835.9873322232283,7.7501123307868705,397.1082886976391,0.0,0.0,988.3720909203647,1200.0,827.2138405288488,0.0,
167,1200.0,267.4930257402422,1096.9999997500163,835.9902129379306,7.74998214939492,397.1061407018148,0.0,0.0,988.3628687838934,1200.0,827.2115393598561,0.0,
283,1200.0,267.429289075933,1096.9409396931069,835.9110388198673,7.597660283241021,396.9645900080363,0.0,0.0,987.9999960704353,1200.0,827.0959548502768,0.0,
