,sensor1,sensor2,sensor3,sensor4,sensor5,sensor6,sensor7,sensor8,sensor9,sensor10,sensor11,sensor12,sensor1,sensor2,sensor3,sensor4,sensor5,sensor6,sensor7,sensor8,sensor9,sensor10,sensor11,sensor12,
123.2373165929763,13.733836412034577,15.888307917471423,44.97567563184009,33.39974363661895,17.9311806317109,29.996586761076173,26.348393380943435,69.26594808837126,7.330994081191193,48.65143713373038,103.94036032093095,
2.38068999378811,3.3620086374855873,0.18993637804453556,7.622803568807171,5.4749191806013755,0.7091995592460307,1.620708611597479,10.670650168656096,16.12105894447393,11.635088677180534,31.348273821471594,22.29702489650083,2300.0,700.0,500.0,300.0,300.0,500.0,300.0,700.0,300.0,500.0,700.0,300.0,
