,sensor1,sensor2,sensor3,sensor4,sensor5,sensor6,sensor7,sensor8,sensor9,sensor10,sensor11,sensor12,
1,700.2440802050738,496.1518516347075,498.42353322968637,494.71276542175764,508.45367325888384,500.76182558269204,704.2545784606979,568.8847771617693,619.4580744329918,699.1640919117049,598.9330226219155,440.97821800208646,
,sensor1,sensor2,sensor3,sensor4,sensor5,sensor6,sensor7,sensor8,sensor9,sensor10,sensor11,sensor12,
1,701.6095592905539,506.7281681636447,506.373115028517,492.75520092744165,492.8032560992683,473.8816051932012,541.9658278299754,508.1059778732023,366.7867739758586,668.6606040803591,614.1120105383516,343.9576576368376,
