,light1,light2,light3,light4,light5,light6,light7,light8,light9,light10,light11,light12,
1,886.4291584061509,470.50821209177917,422.4248932206007,0.0,671.0000038952528,311.87620035980717,1069.9431886982848,342.224712873166,943.1178886373519,1200.0,163.33546698816977,0.0,
,light1,light2,light3,light4,light5,light6,light7,light8,light9,light10,light11,light12,
1,857.8873344971637,526.8464355854351,467.43492300395485,41.992334590140494,701.8563510090456,269.8089493290598,406.52540436168863,485.90607941644515,0.0,1200.0,1200.0,0.0,
