,sensor1,sensor2,sensor3,sensor4,sensor5,sensor6,sensor7,sensor8,sensor9,sensor10,sensor11,sensor12,sensor1,sensor2,sensor3,sensor4,sensor5,sensor6,sensor7,sensor8,sensor9,sensor10,sensor11,sensor12,
1,94.32266082790534,177.07201724127293,61.39300678629513,95.31592693571054,72.02450801095563,6.460921505333204,25.354494501649754,22.66887615307769,19.146780124818292,19.265640563991724,11.923128188549072,11.219980582091353,94.32266082790534,177.07201724127293,61.39300678629513,95.31592693571054,72.02450801095563,6.460921505333204,25.354494501649754,22.66887615307769,19.146780124818292,19.265640563991724,11.923128188549072,11.219980582091353,
