,sensor1,sensor2,sensor3,sensor4,sensor5,sensor6,sensor7,sensor8,sensor9,sensor10,sensor11,sensor12,
1,394.322926987344,477.0724987913125,638.607620991949,604.684446444389,627.9761895737381,706.4616829295129,325.35472859007893,322.66920891841215,319.1471092939265,280.7345778805104,288.07717321016503,288.78027800850344,
