,light1,light2,light3,light4,light5,light6,light7,light8,light9,light10,light11,light12,
1,0.0,0.0,1024.8217505756888,1200.0,669.951432694803,1044.2316978979634,0.0,0.0,0.0,456.9051597303095,254.21020457741446,548.9241181322802,
