,sensor1,sensor2,sensor3,sensor4,sensor5,sensor6,sensor7,sensor8,sensor9,sensor10,sensor11,sensor12,
1,1.9728009885646998,16.38603880393407,1.1479291781457732,18.033312328462216,10.958918724466741,5.123478511914527,46.0333920226351,79.00296248527036,31.46209280016035,28.593027804447786,34.052854429732236,27.139097842644333,
,sensor1,sensor2,sensor3,sensor4,sensor5,sensor6,sensor7,sensor8,sensor9,sensor10,sensor11,sensor12,
1,0.9167040760451073,12.08992914934879,0.3890519563001362,17.091855776966327,10.71266572426373,4.756140819975371,46.65165985047912,79.25168429927623,31.381292880315527,28.754268804410117,34.220266013005755,26.70336589187832,
2,0.9160616891084601,12.089445829435476,0.3893092519107313,17.091384909149724,10.71281424224054,4.756216107034845,46.65176034394864,79.2516759263425,31.381258667685188,28.754456659737173,34.22045374332902,26.70327800518396,
5,0.9160618816589476,12.08944608417994,0.38930968452939396,17.091384530142932,10.712813882804255,4.756215695493722,46.65176047659696,79.25167609392065,31.381258361473783,28.754456582298417,34.22045363428708,26.703278190910964,
403,0.9160620951678311,12.08944633514966,0.38931002194112807,17.091384260850646,10.71281355972178,4.756215356441999,46.65176057807719,79.25167623412324,31.38125811032637,28.754456502585697,34.22045352764678,26.703278351656877,
