,sensor1,sensor2,sensor3,sensor4,sensor5,sensor6,sensor7,sensor8,sensor9,sensor10,sensor11,sensor12,
1,701.9728009885647,516.3860388039341,698.8520708218542,681.9666876715378,489.04108127553326,494.8765214880855,346.0333920226351,379.00296248527036,668.5379071998397,471.4069721955522,465.94714557026776,527.1390978426443,
,sensor1,sensor2,sensor3,sensor4,sensor5,sensor6,sensor7,sensor8,sensor9,sensor10,sensor11,sensor12,
1,700.9165837950061,512.0898020470594,700.3889289892404,682.9080597198339,489.2871964848045,495.2437174609165,346.6516240782897,379.2516271544168,668.618607284738,471.2456890255012,465.77968096956283,526.7032961648009,
2,700.9160629393009,512.089447301255,700.3893112379199,682.9086166785783,489.2871876551007,495.2437858867094,346.6517609414645,379.2516767506,668.6187428093009,471.2455438074615,465.7795468821353,526.7032789496949,
5,700.9160619998296,512.089446223084,700.3893098712765,682.9086156189019,489.28718629601184,495.2437844921609,346.6517605327631,379.2516761715185,668.6187417775285,471.2455434618201,465.77954642473503,526.7032782798789,
403,700.9160618426079,512.0894460382774,700.3893096228165,682.9086154206034,489.2871860581036,495.24378424249323,346.65176045803605,379.25167606827745,668.6187415925912,471.24554340312204,465.7795463462083,526.7032781615103,
