,light1,light2,light3,light4,light5,light6,light7,light8,light9,light10,light11,light12,
1,1173.441900914411,221.72718425817752,1111.337354649503,811.28825408597,39.579659161468825,399.5827987314923,0.0,0.0,981.3677751098427,1200.0,824.5162471273967,0.0,
,light1,light2,light3,light4,light5,light6,light7,light8,light9,light10,light11,light12,
1,1200.0,172.4174449558561,1133.2920868090805,817.5359319440363,41.93994599243005,403.8393236226857,0.0,0.0,979.9108607731787,1200.0,820.9133288831988,0.0,
2,1200.0,172.41340311525323,1133.294720473384,817.5388766042935,41.939588965866676,403.83966404437285,0.0,0.0,979.9111842444117,1200.0,820.9117277421402,0.0,
5,1200.0,172.41340125972133,1133.294719410232,817.5388757263901,41.93958705045221,403.8396626940244,0.0,0.0,979.911183082275,1200.0,820.9117270937124,0.0,
403,1200.0,172.41340100106862,1133.2947191768224,817.5388755128629,41.939586731406564,403.83966243743646,0.0,0.0,979.9111828711021,1200.0,820.9117270070861,0.0,
