,sensor1,sensor2,sensor3,sensor4,sensor5,sensor6,sensor7,sensor8,sensor9,sensor10,sensor11,sensor12,
1,0.9890195290396377,19.1404379820018,1.735012059414089,18.11328357842126,10.92877385815251,5.347708688753244,45.88748132934745,78.97511888398338,31.538591514785253,28.453483587448204,33.96231989056929,27.387609442897883,
,sensor1,sensor2,sensor3,sensor4,sensor5,sensor6,sensor7,sensor8,sensor9,sensor10,sensor11,sensor12,
1,2.218766580948568,15.647288607084533,0.19724199764721106,16.11052248809017,10.445639799827575,5.403962554121961,41.18726166356441,82.14118817393353,32.3142875515349,28.970793271897207,32.89916668168166,27.201022750062293,
2,2.2188042024126844,15.647260824962586,0.19722048267976788,16.11050310763119,10.445616780353305,5.403980810952703,41.18726814327039,82.14119112023502,32.314281887413586,28.970804248756963,32.89917542656406,27.201018262534262,
12,2.218803770231375,15.647261335210942,0.1972198042006994,16.11050253975725,10.445616125819754,5.403980130342461,41.187268348274245,82.14119140660063,32.31428138332228,28.970804088976763,32.89917521251323,27.201018584835992,
29,2.2188040092128176,15.647261126758508,0.1972199259688523,16.11050253342205,10.445616470873176,5.403980210637542,41.187268309393005,82.14119132976691,32.31428150649697,28.97080416108014,32.89917530517948,27.201018495357403,
70,2.2188037411510777,15.64726136953891,0.19721975859465601,16.110502501564042,10.445616081876267,5.403980084533373,41.18726836205383,82.14119142585179,32.31428134943258,28.970804078225456,32.89917519811712,27.201018606512207,
744,2.2188045909018683,15.647260543040488,0.1972205783906702,16.110502837442255,10.445617632834683,5.403980609451082,41.18726810906361,82.14119102144133,32.314282028047955,28.970804345519355,32.89917556986808,27.201018171695523,
