,sensor1,sensor2,sensor3,sensor4,sensor5,sensor6,sensor7,sensor8,sensor9,sensor10,sensor11,sensor12,
1,700.9890195290396,519.1404379820018,698.2649879405859,681.8867164215787,489.0712261418475,494.65229131124676,345.88748132934745,378.9751188839834,668.4614084852147,471.5465164125518,466.0376801094307,527.3876094428979,
,sensor1,sensor2,sensor3,sensor4,sensor5,sensor6,sensor7,sensor8,sensor9,sensor10,sensor11,sensor12,
1,697.7811937985904,515.6472573635352,699.8027707194839,683.889489755879,489.5543738373308,494.596013686145,341.1872654825505,382.1411878201913,667.6857122956634,471.02919483619564,467.10082287800265,527.2010151625353,
2,697.7811963047276,515.6472614236992,699.8027803134189,683.8894975586936,489.55438398763215,494.5960199876858,341.1872683838131,382.1411914562483,667.685718704073,471.0291959387344,467.10082482460496,527.2010186407209,
12,697.7811955279284,515.6472605066099,699.8027790940704,683.8894965381088,489.55438281135963,494.59601876440973,341.1872680153849,382.1411909415882,667.6857177981133,471.02919565155094,467.1008244398905,527.201018061459,
29,697.7811953883144,515.6472604033207,699.802779086295,683.8894966221678,489.5543826133256,494.59601879200983,341.18726801132846,382.1411909170945,667.6857177649748,471.02919561364575,467.10082439226846,527.2010180314226,
70,697.781195897327,515.6472609427223,699.8027796739005,683.8894970234405,489.554383370663,494.596019346147,341.1872681905813,382.14119118632215,667.6857182289216,471.02919578811895,467.10082462283447,527.2010183369183,
744,697.7811961339063,515.64726138719,699.802780525294,683.889498063841,489.5543834805985,494.5960204792298,341.1872684428834,382.14119149111036,667.6857187965727,471.02919591939775,467.10082478581637,527.2010186991168,
