,light1,light2,light3,light4,light5,light6,light7,light8,light9,light10,light11,light12,
1,1147.6808883845563,256.1309576952717,1097.5392162392832,811.3866362707809,38.8771683437792,395.6635378984491,0.0,0.0,982.3216519499993,1200.0,826.5968229898937,0.0,
,light1,light2,light3,light4,light5,light6,light7,light8,light9,light10,light11,light12,
1,1200.0,199.72167370680768,1118.8178769683725,760.2077128935872,46.58264454431596,402.5503132434919,0.0,0.0,974.8106942182998,1200.0,846.1712299903097,0.0,
2,1200.0,199.72166291333915,1118.817896799652,760.2077251615103,46.582667953914,402.5503100597949,0.0,0.0,974.8107023366134,1200.0,846.1712258764339,0.0,
12,1200.0,199.72166164263055,1118.8178956606284,760.2077240584806,46.58266638945056,402.55030880815156,0.0,0.0,974.8107013087272,1200.0,846.1712254537243,0.0,
29,1200.0,199.72166093392238,1118.8178960040495,760.2077247744554,46.58266553586552,402.55030939951496,0.0,0.0,974.8107012873916,1200.0,846.1712251803855,0.0,
70,1200.0,199.7216622469642,1118.8178962022173,760.2077245830926,46.582667133129426,402.5503094035761,0.0,0.0,974.8107017975092,1200.0,846.1712256547596,0.0,
744,1200.0,199.72166163849644,1118.8178977242878,760.2077277239722,46.58266474503227,402.5503129900005,0.0,0.0,974.8107024541034,1200.0,846.1712253702509,0.0,
