,sensor1,sensor2,sensor3,sensor4,sensor5,sensor6,sensor7,sensor8,sensor9,sensor10,sensor11,sensor12,sensor1,sensor2,sensor3,sensor4,sensor5,sensor6,sensor7,sensor8,sensor9,sensor10,sensor11,sensor12,
1,93.89328236309939,170.90168990062455,93.46444132165203,48.65065802720346,136.87092996743763,123.07236142654762,21.683081504029815,134.5253691298733,158.63929255385483,5.657534161167973,97.47986526392958,157.8639235628766,13.80028690578547,95.3357729654058,43.639509291108425,11.388033098879532,59.19501766133442,91.96262760280467,1.8104249954586749,95.35905097647714,81.05641451410702,11.473997860864984,81.7198052504541,111.29256389305004,
