,sensor1,sensor2,sensor3,sensor4,sensor5,sensor6,sensor7,sensor8,sensor9,sensor10,sensor11,sensor12,
1,1.008262365008818,19.762503971134265,1.6647283400126298,17.94348154696661,10.734914696640601,5.203104718879445,45.92351419818942,79.05366967602686,31.39466001705614,28.383336381870663,33.88324585938017,27.53059984196534,
,sensor1,sensor2,sensor3,sensor4,sensor5,sensor6,sensor7,sensor8,sensor9,sensor10,sensor11,sensor12,
1,2.2185620898206935,15.647445080905754,0.19733088505938667,16.110605307191236,10.44573325390212,5.403851588223517,41.18723480755557,82.14118188664969,32.31430074602429,28.970733215020914,32.899116016026994,27.20105510097676,
2,2.218804583093288,15.647260374811026,0.19722108397604643,16.110503610724777,10.445617361078916,5.403981411933103,41.18726796158518,82.14119086671201,32.31428233369206,28.97080438961001,32.899175615566946,27.201017977601737,
5,2.218804622462585,15.647260331469283,0.19722112748286236,16.11050364991752,10.445617395527222,5.403981469616554,41.18726794848078,82.14119084712979,32.31428236832619,28.970804403755665,32.89917563269478,27.201017953155542,
7,2.2188047029734435,15.647260234005103,0.19722126839042176,16.110503765267822,10.445617538299018,5.403981599211022,41.187267905866634,82.14119078860233,32.31428247118902,28.970804433814124,32.899175674466505,27.201017889271043,
62,2.218804271840554,15.647260743005404,0.19722059161063044,16.11050319881099,10.445616885419668,5.4039809202694755,41.18726811035691,82.14119107425438,32.314281968353725,28.970804274423017,32.89917546094193,27.201018210775942,
308,2.218804269282373,15.647260746014808,0.197220587638526,16.110503195496108,10.445616881568526,5.4039809162779875,41.18726811155727,82.14119107593467,32.314281965396844,28.970804273479644,32.899175459679896,27.201018212669624,
