,sensor1,sensor2,sensor3,sensor4,sensor5,sensor6,sensor7,sensor8,sensor9,sensor10,sensor11,sensor12,
1,701.0082623650088,519.7625039711343,698.3352716599874,682.0565184530334,489.2650853033594,494.79689528112056,345.9235141981894,379.05366967602686,668.6053399829439,471.61666361812934,466.11675414061983,527.5305998419653,
,sensor1,sensor2,sensor3,sensor4,sensor5,sensor6,sensor7,sensor8,sensor9,sensor10,sensor11,sensor12,
1,697.7813872638986,515.6473924345548,699.8026239769697,683.8893577365584,489.5542235519844,494.5960865442132,341.1872211690921,382.1411602093557,667.6856612739019,471.0292493878153,467.10086314859313,527.2010274235297,
2,697.7811964880729,515.6472616394827,699.80278059772,683.889497796825,489.5543842612626,494.59602027500875,341.18726846971265,382.14119157649884,667.6857189157504,471.0291960064096,467.1008249149692,527.2010187764522,
5,697.7811962354549,515.6472613442347,699.8027802186409,683.8894974768778,489.5543839027765,494.5960198812963,341.18726835521284,382.1411914153351,667.685718631896,471.0291959134062,467.10082479212105,527.2010185927605,
7,697.7811963313522,515.6472614551419,699.8027803552645,683.8894975937122,489.5543840280159,494.5960200296296,341.1872683964569,382.1411914739067,667.685718735157,471.02919594857894,467.1008248377977,527.2010186605894,
62,697.7811962821555,515.6472613970594,699.8027802780362,683.8894975290733,489.5543839535152,494.5960199521547,341.1872683731223,382.1411914413107,667.685718677778,471.02919593039076,467.10082481343227,527.2010186239022,
308,697.7811960731127,515.6472611502506,699.8027799498451,683.8894972543718,489.5543836369329,494.59601962292203,341.18726827395886,382.14119130279306,667.6857184339435,471.02919585310485,467.1008247098962,527.2010184680013,
