,light1,light2,light3,light4,light5,light6,light7,light8,light9,light10,light11,light12,
1,1143.5280296488263,262.14158560372164,1095.3245697554432,811.5669093382869,38.98851060709166,395.18692508871897,0.0,0.0,982.679279733325,1200.0,826.9997196986633,0.0,
,light1,light2,light3,light4,light5,light6,light7,light8,light9,light10,light11,light12,
1,1200.0,199.7231538463469,1118.816890448079,760.2071314347152,46.58192366572376,402.55089710033724,0.0,0.0,974.8105744721413,1200.0,846.171762423697,0.0,
2,1200.0,199.72166322248748,1118.8178970584909,760.2077254166692,46.582668311406685,402.5503103600367,0.0,0.0,974.8107025762521,1200.0,846.1712259795826,0.0,
5,1200.0,199.72166276180712,1118.8178967390056,760.207725073159,46.5826678842113,402.55030990919465,0.0,0.0,974.8107022571309,1200.0,846.1712258249981,0.0,
7,1200.0,199.72166295675203,1118.8178968388447,760.2077251993754,46.58266800775183,402.55031010258836,0.0,0.0,974.8107023718891,1200.0,846.1712258908711,0.0,
62,1200.0,199.72166287628283,1118.817896766697,760.2077251295137,46.5826679086575,402.55031002332373,0.0,0.0,974.8107023067876,1200.0,846.1712258641029,0.0,
308,1200.0,199.72166253446207,1118.8178964600256,760.2077248325331,46.58266748760237,402.5503096864527,0.0,0.0,974.8107020301308,1200.0,846.1712257504,0.0,
