,sensor1,sensor2,sensor3,sensor4,sensor5,sensor6,sensor7,sensor8,sensor9,sensor10,sensor11,sensor12,sensor1,sensor2,sensor3,sensor4,sensor5,sensor6,sensor7,sensor8,sensor9,sensor10,sensor11,sensor12,
1,79.47613491885443,58.35806197388047,34.5006051889892,117.81681078811255,128.6833795558694,29.288262330994314,65.98866382198787,26.39221254964184,65.00923883475838,7.432663430259993,82.48616306579777,3.1345430773902763,