,sensor1,sensor2,sensor3,sensor4,sensor5,sensor6,sensor1,sensor2,sensor3,sensor4,sensor5,sensor6,
1,69.69719915808128,30.156946315352343,95.1950769182161,37.78844942824344,71.35761923981522,31.515788853894946,