,sensor1,sensor2,sensor3,sensor4,sensor5,sensor6,sensor1,sensor2,sensor3,sensor4,sensor5,sensor6,
1,17.182697844898655,90.27994765075795,19.554759817046943,98.13509831035572,169.91278222066376,97.84278072721418,31.770794854035955,101.68545426596859,30.967948907498,47.13951899417293,102.85698022464652,48.34831652963135,
2,61.01215976238905,27.8032491740409,6.083015738738197,7.067373218848331,77.74706107851887,84.89162003328204,42.36048015770132,13.086855958918534,6.269078935808352,3.7198224884571687,48.60734710235124,38.082732696647554,
3,5.3830472688152895,33.41311720646763,138.38572560261537,36.26559511534623,89.17338856906065,51.13582970171444,