,sensor1,sensor2,sensor3,sensor4,sensor5,sensor6,sensor7,sensor8,sensor9,sensor10,sensor11,sensor12,
1,0.9160623656401867,12.089446653077175,0.38931044937316983,17.091383919712825,10.712813150442287,4.756214926932614,46.65176070663193,79.2516764117313,31.381257792173756,28.75445640160592,34.220453392555214,26.703278555289216,
