,sensor1,sensor2,sensor3,sensor4,sensor5,sensor6,sensor7,sensor8,sensor9,sensor10,sensor11,sensor12,
1,700.9160623656402,512.0894466530772,700.3893104493732,682.9086160802872,489.2871868495577,495.2437850730674,346.65176070663193,379.2516764117313,668.6187422078262,471.2455435983941,465.7795466074448,526.7032785552892,
