,light1,light2,light3,light4,light5,light6,light7,light8,light9,light10,light11,light12,
1,1200.0,172.4134018615338,1133.2947199533107,817.538876223207,41.93958779278141,403.8396632910329,0.0,0.0,979.911183573615,1200.0,820.9117272952678,0.0,
