,sensor1,sensor2,sensor3,sensor4,sensor5,sensor6,sensor7,sensor8,sensor9,sensor10,sensor11,sensor12,
1,0.8747739841420525,20.210082105379342,3.3679294170516414,19.27874616496024,11.932490312253833,6.553516722571089,44.75629234958001,79.27325770749354,34.490971453587804,28.3620560687458,31.971120150845536,28.83141838669701,
,sensor1,sensor2,sensor3,sensor4,sensor5,sensor6,sensor7,sensor8,sensor9,sensor10,sensor11,sensor12,
1,0.9160755218767918,12.089454439030646,0.389296523880148,17.091404099436204,10.712811772027464,4.756222569881629,46.651755828989394,79.251673913427,31.381263871466672,28.754453007792677,34.22045032192585,26.703277439039084,
2,0.9160625214886977,12.089446836270099,0.38931069566444876,17.091383723144645,10.71281291461139,4.756214679444668,46.651760780706695,79.251676514071,31.381257608850888,28.75445634342043,34.220453314714234,26.70327867262438,
22,0.9160615433727344,12.089445686540216,0.38930914992954513,17.091384956812703,10.712814394700331,4.756216232691827,46.65176031581029,79.25167587178186,31.38125875939511,28.754456708596422,34.220453803249484,26.70327793622289,
97,0.9160623763999638,12.08944666497814,0.3893104630711832,17.091383909754654,10.712813135671468,4.756214912727785,46.65176071068481,79.25167641774806,31.381257781569047,28.754456397736874,34.22045338750377,26.703278562327228,
