,sensor1,sensor2,sensor3,sensor4,sensor5,sensor6,sensor7,sensor8,sensor9,sensor10,sensor11,sensor12,
1,699.125226015858,520.2100821053793,696.6320705829484,680.7212538350398,488.06750968774617,493.4464832774289,344.75629234958,379.27325770749354,665.5090285464122,471.6379439312542,468.02887984915446,528.831418386697,
,sensor1,sensor2,sensor3,sensor4,sensor5,sensor6,sensor7,sensor8,sensor9,sensor10,sensor11,sensor12,
1,700.9160779062361,512.0894574648743,700.3893013031205,682.908599975251,489.28719238354677,495.2437820421797,346.65175728647506,379.2516758039107,668.6187395608282,471.24554792679584,465.77955097149425,526.7032795547628,
2,700.9160620622864,512.0894462964993,700.3893099699791,682.9086156976781,489.28718639052227,495.2437845913431,346.651760562449,379.25167621253166,668.6187418509962,471.24554348513817,465.7795464559302,526.7032783269015,
22,700.9160620497169,512.0894462817242,700.3893099501144,682.9086156818232,489.28718637150166,495.2437845713818,346.65176055647447,379.2516762042775,668.6187418362102,471.2455434804453,465.779546449652,526.7032783174378,
97,700.9160620651077,512.089446299091,700.3893099712299,682.9086156977303,489.2871863933256,495.24378459302665,346.6517605627601,379.2516762133665,668.6187418523241,471.24554348604784,465.7795464570262,526.7032783279942,
