,light1,light2,light3,light4,light5,light6,light7,light8,light9,light10,light11,light12,
1,1127.0635337084236,280.56232396497376,1085.2000885219297,810.2617129467184,38.46869862608864,392.0000044000667,0.0,0.0,972.2899303549584,1136.9288911044569,895.9967358665633,0.0,
,light1,light2,light3,light4,light5,light6,light7,light8,light9,light10,light11,light12,
1,1200.0,172.41351596166842,1133.2946483163503,817.5387840511297,41.93962117771548,403.8396370283068,0.0,0.0,979.9111760007651,1200.0,820.9117730696694,0.0,
2,1200.0,172.41340136246933,1133.2947195029576,817.5388758112184,41.93958717719333,403.83966279595717,0.0,0.0,979.911183166165,1200.0,820.9117271281239,0.0,
22,1200.0,172.4134013417934,1133.294719484294,817.5388757941435,41.93958715168742,403.8396627754411,0.0,0.0,979.9111831492813,1200.0,820.9117271211994,0.0,
97,1200.0,172.41340137549318,1133.2947194981596,817.5388758035712,41.939587184456876,403.8396627945147,0.0,0.0,979.9111831672507,1200.0,820.9117271332613,0.0,
