,sensor1,sensor2,sensor3,sensor4,sensor5,sensor6,sensor7,sensor8,sensor9,sensor10,sensor11,sensor12,
1,1.1471242043473922,44.01659118654504,80.37537130955195,42.21808558616328,0.2492061878810432,39.02875740945592,76.70180872653913,111.84859914186131,82.70724161482065,58.81256081711291,46.87697088119705,58.85999159476489,
,sensor1,sensor2,sensor3,sensor4,sensor5,sensor6,sensor7,sensor8,sensor9,sensor10,sensor11,sensor12,
1,4.28898156787875,49.46412563042088,71.34086876109711,44.38824219084563,1.9118944551021855,34.54398116354548,75.57267175835563,110.14067813444916,86.2965676616767,58.08741403318362,45.66710149446709,58.63776942082677,
3,6.941745123934652,50.799194846869455,66.5873412168479,45.09544280883233,4.266987733620567,33.030319809410685,74.68217727694912,109.36517571482909,88.12932351975894,57.78091067098802,44.99254346497986,58.715302194179,
