,sensor1,sensor2,sensor3,sensor4,sensor5,sensor6,sensor7,sensor8,sensor9,sensor10,sensor11,sensor12,
1,701.1471242043474,544.016591186545,619.624628690448,657.7819144138367,499.75079381211896,539.0287574094559,376.7018087265391,411.8485991418613,617.2927583851794,441.1874391828871,453.12302911880295,558.8599915947649,
,sensor1,sensor2,sensor3,sensor4,sensor5,sensor6,sensor7,sensor8,sensor9,sensor10,sensor11,sensor12,
1,704.2889795336272,549.4641230115702,628.6591289077156,655.6117556510374,498.08810345156195,534.5439788708021,375.5726709226713,410.1406772955435,613.7034315101232,441.91258527627394,454.3328977415649,558.6377687461766,
3,706.9417436606535,550.7991936530772,633.412657848019,654.9045559299335,495.73301132323974,533.0303189074975,374.68217688183773,409.3651753497131,611.8706761347014,442.21908901278016,455.0074562042884,558.7153019090326,
