,light1,light2,light3,light4,light5,light6,light7,light8,light9,light10,light11,light12,
1,1200.0,154.96236536467885,1200.0,996.7576286800547,0.0,451.9638481958314,0.0,0.0,1200.0,1200.0,470.1628270625621,0.0,
,light1,light2,light3,light4,light5,light6,light7,light8,light9,light10,light11,light12,
1,1200.0,203.53401309732368,1200.0,980.0410505684079,0.0,407.27327125901286,0.0,0.0,1200.0,1200.0,484.92623908056413,0.0,
3,1146.4734035101974,263.2128721652687,1200.0,974.1948456388542,0.0,387.14387100339405,0.0,0.0,1200.0,1200.0,494.9800378539758,0.0,
