,sensor1,sensor2,sensor3,sensor4,sensor5,sensor6,sensor7,sensor8,sensor9,sensor10,sensor11,sensor12,
1,0.9266537372278663,12.096799839936693,0.3818312071722403,17.101896265608048,10.713584111280568,4.756589921951047,46.64908901182213,79.25072274686295,31.383835618521857,28.751454486014154,34.21772773228315,26.703784685122173,
,sensor1,sensor2,sensor3,sensor4,sensor5,sensor6,sensor7,sensor8,sensor9,sensor10,sensor11,sensor12,
1,0.9160789472264241,12.089458734251139,0.38930232714528756,17.091398110806495,10.71280910354568,4.7562149028081535,46.65175762664643,79.25167619192138,31.38125960352386,28.754451629902178,34.220448652567825,26.70328029730115,
2,0.9160622365096742,12.089446501290695,0.3893102453071151,17.09138408257968,10.712813345842221,4.7562151319905865,46.6517606452569,79.251676326937,31.38125794406733,28.75445644981619,34.22045345705135,26.70327845807026,
