,sensor1,sensor2,sensor3,sensor4,sensor5,sensor6,sensor7,sensor8,sensor9,sensor10,sensor11,sensor12,
1,700.9266537372279,512.0967998399367,700.3818312071722,682.898103734392,489.28641588871943,495.24341007804895,346.6490890118221,379.25072274686295,668.6161643814781,471.24854551398585,465.78227226771685,526.7037846851222,
,sensor1,sensor2,sensor3,sensor4,sensor5,sensor6,sensor7,sensor8,sensor9,sensor10,sensor11,sensor12,
1,700.9160756651664,512.0894554115014,700.3892996278078,682.9086002812047,489.2871874813054,495.2437817731292,346.6517568605823,379.2516748426209,668.6187380803707,471.2455472469603,465.7795499657346,526.7032786031954,
2,700.9160620538685,512.0894462866042,700.3893099566757,682.9086156870605,489.28718637778417,495.2437845779752,346.6517605584479,379.2516762070038,668.6187418410942,471.24554348199536,465.7795464517256,526.7032783205638,
