,light1,light2,light3,light4,light5,light6,light7,light8,light9,light10,light11,light12,
1,1200.0,172.49498916937245,1133.2418208761662,817.4831904963926,41.94061551311129,403.83851534749294,0.0,0.0,979.9047879041129,1200.0,820.9438887256596,0.0,
,light1,light2,light3,light4,light5,light6,light7,light8,light9,light10,light11,light12,
1,1200.0,172.41350772319038,1133.294649862321,817.5387946054874,41.93960243719222,403.83964829429385,0.0,0.0,979.9111744358124,1200.0,820.9117695492948,0.0,
2,1200.0,172.41340134862122,1133.2947194904598,817.5388757997846,41.93958716011142,403.8396627822182,0.0,0.0,979.9111831548582,1200.0,820.9117271234857,0.0,
