,sensor1,sensor2,sensor3,sensor4,sensor5,sensor6,sensor1,sensor2,sensor3,sensor4,sensor5,sensor6,
1,9.456742282851678,36.950734726851465,4.715792217853846,154.2335180006164,57.62078778325406,193.3601349393074,12.489286484131867,36.03885408025508,38.63672506734429,118.43814250997593,51.254898348529196,139.36071532890588,
