,sensor1,sensor2,sensor3,sensor4,sensor5,sensor6,sensor7,sensor8,sensor9,sensor10,sensor11,sensor12,
1,0.9317937900272,12.099659242436815,0.3750401720251375,17.110357000527074,10.715135670248117,4.759450257197045,46.64683748686184,79.24931604923421,31.38704665580235,28.750102837579902,34.21668300305947,26.70299475947843,
,sensor1,sensor2,sensor3,sensor4,sensor5,sensor6,sensor7,sensor8,sensor9,sensor10,sensor11,sensor12,
1,0.9160625938063731,12.089446775665579,0.389310152505459,17.09138432985617,10.712813153023887,4.756215107105447,46.65176060435283,79.25167635083346,31.381257932190806,28.75445634487926,34.22045334449683,26.70327851819991,
10,0.9160615759471966,12.089445859232569,0.38930976443589316,17.09138425088554,10.712814192516987,4.756215614889982,46.65176051383105,79.25167606831019,31.381258370937985,28.754456668699504,34.22045373562332,26.703278147854235,
97,0.9160620538963258,12.08944628663653,0.38930995672512836,17.091384312910577,10.712813622144722,4.75621542199417,46.65176055846251,79.2516762070249,31.381258158869628,28.75445651799464,34.220453548258945,26.703278320585014,
100,0.9160622740732833,12.08944654544473,0.3893103046690385,17.091384035202395,10.712813289000906,4.756215072340126,46.65176066311068,79.25167635160335,31.381257899882144,28.754456435792008,34.22045343828967,26.703278486350882,
366,0.9160620826046397,12.089446320382194,0.3893100020871998,17.09138427669643,10.712813578732607,4.75621537639239,46.6517605721059,79.2516762258735,31.381258125104296,28.75445650727613,34.22045353392173,26.70327834219836,
