,sensor1,sensor2,sensor3,sensor4,sensor5,sensor6,sensor7,sensor8,sensor9,sensor10,sensor11,sensor12,
1,700.9317937900272,512.0996592424368,700.3750401720251,682.8896429994729,489.2848643297519,495.24054974280295,346.64683748686184,379.2493160492342,668.6129533441976,471.2498971624201,465.7833169969405,526.7029947594784,
,sensor1,sensor2,sensor3,sensor4,sensor5,sensor6,sensor7,sensor8,sensor9,sensor10,sensor11,sensor12,
1,700.9160618533816,512.0894459195624,700.3893090468017,682.9086148044128,489.28718576112215,495.24378376990524,346.6517602730664,379.251675885287,668.6187412368641,471.2455433814624,465.77954629215935,526.7032779811842,
10,700.9160619460887,512.0894462884845,700.3893103249859,682.908616187094,489.2871863611016,495.24378494827084,346.6517606818485,379.25167630378496,668.618742049285,471.24554346828654,465.7795464470297,526.7032784184114,
97,700.9160623021231,512.0894465784156,700.3893103490002,682.908616000171,489.2871867534634,495.24378497219317,346.6517606764434,379.25167637002414,668.6187421331142,471.2455435746799,465.77954657572116,526.7032785074689,
100,700.9160620937669,512.0894463335029,700.3893100197275,682.9086157373827,489.28718643815847,495.2437846413334,346.6517605774114,379.2516762332034,668.6187418880259,471.2455434968912,465.7795464716535,526.7032783506022,
366,700.9160620677751,512.0894463029508,700.3893099786521,682.9086157045995,489.28718639882726,495.2437846000583,346.65176056505743,379.25167621613554,668.6187418574518,471.24554348718726,465.7795464586714,526.7032783310335,
