,light1,light2,light3,light4,light5,light6,light7,light8,light9,light10,light11,light12,
1,1200.0,172.54241671672605,1133.207211066913,817.4448869135981,41.9436668081769,403.831794786888,0.0,0.0,979.8988436537704,1200.0,820.9631292201456,0.0,
,light1,light2,light3,light4,light5,light6,light7,light8,light9,light10,light11,light12,
1,1200.0,172.41340257621007,1133.2947175267864,817.5388735248874,41.939586803336205,403.83966153177926,0.0,0.0,979.911182384531,1200.0,820.9117276703762,0.0,
10,1200.0,172.4133997757607,1133.2947208235025,817.5388778771274,41.939586119282886,403.83966410954554,0.0,0.0,979.9111834599402,1200.0,820.9117264481508,0.0,
97,1200.0,172.41340175702635,1133.294719859028,817.5388761369037,41.93958766398779,403.83966318729244,0.0,0.0,979.9111834883056,1200.0,820.911727260269,0.0,
100,1200.0,172.41340141426056,1133.2947195496915,817.5388758539701,41.93958724107717,403.8396628473317,0.0,0.0,979.9111832084476,1200.0,820.9117271454696,0.0,
366,1200.0,172.41340137150164,1133.2947195111035,817.5388758186688,41.93958718833206,403.83966280491256,0.0,0.0,979.9111831735362,1200.0,820.9117271311492,0.0,
