,sensor1,sensor2,sensor3,sensor4,sensor5,sensor6,sensor1,sensor2,sensor3,sensor4,sensor5,sensor6,
1,69.69719915808128,30.156946315352343,95.1950769182161,37.78844942824344,71.35761923981522,31.515788853894946,14.66972921777824,7.592104319189957,45.683901463164375,15.15710014777568,14.856970353553265,7.514820758424605,
2,15.164434148321448,45.270279453059516,45.72454288306881,15.860711339930731,45.09189308717339,18.03323539057584,9.896625351110856,24.468484973453712,3.181131252472028,3.927974303694839,5.278555088284122,3.1312966775974473,
3,24.64453853948686,13.038727231459461,42.17847295062154,8.663530110688328,109.6465540251474,117.19424543662853,1.002460227178176,1.6392732005749053,0.9707015810319035,0.18022801550750955,58.32414287336587,33.974301866324026,
