,sensor1,sensor2,sensor3,sensor4,sensor5,sensor6,sensor7,sensor8,sensor9,sensor10,sensor11,sensor12,sensor1,sensor2,sensor3,sensor4,sensor5,sensor6,sensor7,sensor8,sensor9,sensor10,sensor11,sensor12,
1,35.45747941806792,54.340062909661526,115.05665177227468,5.571666891584641,21.383481793524084,58.72261262905374,90.76861348901957,170.93229529899588,123.77062695360826,103.18484552611244,179.3567874674958,97.91854722681279,32.04537638492445,26.75060803199466,46.243490688227666,0.8284344197151086,21.47289902777368,12.350600477935927,57.74076880546727,97.11631418823606,118.83068857898871,84.05595405183965,169.9514896367129,111.51474244233418,
2,500.0,300.0,500.0,300.0,300.0,500.0,700.0,700.0,300.0,300.0,300.0,300.0,