,sensor1,sensor2,sensor3,sensor4,sensor5,sensor6,sensor1,sensor2,sensor3,sensor4,sensor5,sensor6,
1,187.15647993043115,108.09111646806406,44.02964720300929,40.60860251477391,46.504458051865356,94.03323682714154,106.65510870629964,79.03553169132573,5.302377176170694,31.76300949810104,46.04822073501316,47.56823488688417,
2,36.16527629866664,69.12857080425636,3.362367704761482,40.03693261074136,8.581307710317049,9.948505884782094,1.568630430935741,3.4467545019152794,1.199882158604737,0.6718064027900823,1.2781542094396627,0.4865107192723599,
3,3.1019183197886377,41.41543590188985,36.35720618949779,123.45809500947149,178.1833067130791,88.04077378865566,