,sensor1,sensor2,sensor3,sensor4,sensor5,sensor6,sensor7,sensor8,sensor9,sensor10,sensor11,sensor12,sensor1,sensor2,sensor3,sensor4,sensor5,sensor6,sensor7,sensor8,sensor9,sensor10,sensor11,sensor12,
1,104.75483183230858,11.733799561856017,34.9231961912036,12.098042623284186,176.89540127003545,77.87057486729248,91.50456110045468,23.195325674184005,155.88608658527767,112.31890797139124,67.178080125071,140.0905412564797,72.0998811505275,3.0185786529686993,36.97951710484381,1.989620230661501,177.42047781221106,74.77079744873333,92.12284123349446,22.98823752907674,158.1579647388504,113.54255923597111,67.80486190675174,140.73105940534742,
2,34.11167919998536,92.19466535936533,164.45078435873563,87.67989248666743,8.03269995173298,62.264206997752694,31.49484248580154,123.42374301429004,31.462244101354145,58.089089893802225,156.69849533768303,23.41811176928684,30.68944759587248,78.03960133489272,138.997033300032,78.76666315129228,16.7893797124824,21.20966485829763,26.25384930172322,95.80084877884428,42.84223749182149,62.478121402797,161.01292419054533,21.055858325782083,
