,sensor1,sensor2,sensor3,sensor4,sensor5,sensor6,sensor1,sensor2,sensor3,sensor4,sensor5,sensor6,
1,109.20992128439559,40.47747661989354,78.47439313900259,47.712304510285264,109.85844134534148,40.44594230283792,14.033860437450357,5.8464577486723215,5.197580919253539,13.512185316973955,14.157761705593998,5.929605419955578,
2,26.54793587837611,71.16780114130353,79.8786402344274,17.950804139164347,28.631274114926555,10.102466810756255,19.453402426214836,36.934256079895306,4.082154853980114,1.1338017848447635,0.44664309448478434,0.9563015355212201,
3,23.655515304648873,7.521028738467578,67.96516288771954,23.403134631236867,106.58601944487765,105.03833637849152,