,sensor1,sensor2,sensor3,sensor4,sensor5,sensor6,sensor7,sensor8,sensor9,sensor10,sensor11,sensor12,sensor1,sensor2,sensor3,sensor4,sensor5,sensor6,sensor7,sensor8,sensor9,sensor10,sensor11,sensor12,
1,9.763284408905065,136.89935608372707,46.42594553370327,66.21880704230898,98.28262236964468,14.39695222719621,166.14335201156905,63.66879050558043,73.25327211964816,178.15780945710037,56.28149080167873,78.92033501929569,3.32620937945552,144.11321331003307,48.86727537052576,45.195724706454484,97.81199968154556,9.622300372994914,165.6906699920205,59.36857977552961,76.23529872376935,174.97482295892098,66.75620076898201,76.46416201409767,
2,1.9787518697248743,48.47234979607583,57.21991386048313,56.87079484605897,42.22982977783806,104.62448614441269,155.38373738216893,77.07906316563424,25.214656324321197,65.90271537000467,13.189604172726263,55.37447785453753,10.720471431419412,54.11744278059916,55.49670632230931,41.6216295993608,36.87873858052933,109.29018268777793,149.8973957402431,74.16068164146998,23.983528919612127,63.27380703494515,11.208465972281488,54.63520398525668,
