,sensor1,sensor2,sensor3,sensor4,sensor5,sensor6,sensor7,sensor8,sensor9,sensor10,sensor11,sensor12,sensor1,sensor2,sensor3,sensor4,sensor5,sensor6,sensor7,sensor8,sensor9,sensor10,sensor11,sensor12,
1,26.943205560320337,81.98366008715254,17.744862915389092,9.186259808798582,92.29809073691422,21.797702345989592,34.530335498105615,2.437429798556252,119.76379466468137,72.52203925848369,106.8790452248536,170.73154903545628,2.2396472697178638,44.004040108441586,1.2080759044287106,8.675196581483306,32.71901373740309,12.551636238096478,65.2099790087982,19.162814158006313,109.33836328848332,72.88722026377764,38.897652895052715,119.919088746115,
