,sensor1,sensor2,sensor3,sensor4,sensor5,sensor6,sensor7,sensor8,sensor9,sensor10,sensor11,sensor12,sensor1,sensor2,sensor3,sensor4,sensor5,sensor6,sensor7,sensor8,sensor9,sensor10,sensor11,sensor12,
131.656507437342157,109.78504561128841,28.541199051468652,10.521989494759964,33.048480711483535,21.001381478635267,52.80320473354118,49.330046567805084,79.9738133750235,58.57886609722482,60.76376905549,94.95149943086153,
13.982895920088822,83.14079388194108,13.21674002140469,16.696953185361053,10.038004168404711,11.547910951728397,29.694585181153002,41.46241176666058,29.891844992915594,30.03110128585331,57.22498586753852,55.037881632454855,2500.0,300.0,300.0,300.0,300.0,300.0,700.0,300.0,300.0,700.0,300.0,700.0,
