,sensor1,sensor2,sensor3,sensor4,sensor5,sensor6,sensor1,sensor2,sensor3,sensor4,sensor5,sensor6,
1,3.8719561851204958,23.431472985304367,64.06275345233934,37.053262224423975,21.493470609476105,51.179531816816734,7.84160969834636,12.093278076279773,39.90340103062351,13.221528959494549,13.490843965081751,21.787756118308153,
