,sensor1,sensor2,sensor3,sensor4,sensor5,sensor6,sensor7,sensor8,sensor9,sensor10,sensor11,sensor12,
1,2.352383974202894,15.747012810867773,0.8666472006184449,17.897361076683865,10.844069326171791,4.940448575972766,46.11377315392531,79.06253968187639,31.361123342766632,28.591839073446636,34.032235188317316,27.127384797380955,
2,0.9160288426609213,12.089420044691224,0.38930997042052695,17.091362380617852,10.71285357163788,4.756212614781191,46.65176185004452,79.25167058376428,31.38126456645432,28.754466239501085,34.22046548596694,26.703270987105952,
3,0.9160622361537207,12.089446501142675,0.38931024588214314,17.091384081693718,10.712813346054133,4.756215131424881,46.65176064545625,79.25167632705768,31.38125794377879,28.754456449893496,34.22045345712479,26.70327845817917,
4,0.9160622899045165,12.089446564053787,0.38931032968741874,17.09138401523535,10.71281326504544,4.756215047200442,46.65176067063504,79.25167636199893,31.381257881260353,28.75445642988143,34.22045343038246,26.70327849826981,
41,0.9160620746824861,12.089446311070219,0.3893099895680052,17.09138428668814,10.712813590720259,4.7562153889726915,46.65176056834048,79.25167622067136,31.381258134423092,28.75445651023381,34.22045353787854,26.703278336233893,
