,sensor1,sensor2,sensor3,sensor4,sensor5,sensor6,sensor7,sensor8,sensor9,sensor10,sensor11,sensor12,
1,702.3523839742029,515.7470128108678,699.1333527993816,682.1026389233161,489.1559306738282,495.05955142402723,346.1137731539253,379.0625396818764,668.6388766572334,471.40816092655336,465.9677648116827,527.127384797381,
2,700.9160384342244,512.0894309320854,700.3893235450141,682.9086477843498,489.28716064884577,495.24380092945154,346.65176589367707,379.2516763947074,668.6187457310762,471.2455372603205,465.77953916506266,526.7032776745245,
3,700.9160616743293,512.089445840717,700.3893093579067,682.9086152095605,489.28718580375875,495.24378397628504,346.65176037838546,379.25167595809495,668.6187413952842,471.2455433403458,465.7795462622529,526.7032780351566,
4,700.9160619404668,512.089446153306,700.3893097774644,682.90861554403,489.2871862061842,495.2437843978932,346.6517605045482,379.25167613253745,668.6187417077011,471.24554343965735,465.7795463950854,526.7032782351861,
41,700.9160621076192,512.0894463497857,700.3893100416183,682.9086157548538,489.28718645911977,495.24378466333087,346.6517605839954,379.25167624229977,668.6187419043207,471.24554350206313,465.77954647857246,526.7032783610317,
