,light1,light2,light3,light4,light5,light6,light7,light8,light9,light10,light11,light12,
1,1180.4925215002181,212.58740338097155,1115.163988700633,811.3615870647765,39.91649287004539,400.76432301298223,0.0,0.0,981.1835711392044,1200.0,824.0567034806762,0.0,
2,1200.0,172.41323110225827,1133.2948249983115,817.539065135968,41.93944000108724,403.83978474373373,0.0,0.0,979.9111938070072,1200.0,820.9116553630853,0.0,
3,1200.0,172.41340072156908,1133.2947189298386,817.5388752884994,41.939586388453634,403.83966216558156,0.0,0.0,979.9111826459338,1200.0,820.9117269131984,0.0,
4,1200.0,172.41340116206095,1133.2947193221025,817.5388756457684,41.9395869299892,403.8396625971438,0.0,0.0,979.9111830025416,1200.0,820.9117270610046,0.0,
41,1200.0,172.4134014370511,1133.2947195702552,817.5388758727822,41.939587269187,403.83966286993916,0.0,0.0,979.9111832270544,1200.0,820.911727153103,0.0,
