,sensor1,sensor2,sensor3,sensor4,sensor5,sensor6,sensor7,sensor8,sensor9,sensor10,sensor11,sensor12,
1,2.2043855424301455,13.607410517010294,1.3125639501807882,18.600712110929408,11.633889033645175,5.565964136553816,45.96192013576842,78.77055403619477,31.88105108791126,28.81359706975809,34.28837654870114,26.648793849070444,
,sensor1,sensor2,sensor3,sensor4,sensor5,sensor6,sensor7,sensor8,sensor9,sensor10,sensor11,sensor12,
1,0.9160652019625104,12.089447107692422,0.3893018162689259,17.091394089133587,10.712816178007984,4.756220979068814,46.65175785636501,79.25167405647011,31.38126260214335,28.75445590161104,34.220453303972874,26.70327654550067,
4,0.9160627628285738,12.089447094497586,0.38931096246619745,17.09138354092829,10.71281260890163,4.756214391555147,46.651760858668354,79.25167663586046,31.381257396157594,28.75445625830457,34.2204532056212,26.703278817850332,
114,0.9160614151754771,12.089445534207243,0.38930893066310546,17.091385122019574,10.712814628141246,4.756216428589937,46.6517602499722,79.25167578113064,31.3812589204681,28.754456756469608,34.220453870024585,26.703277836147777,
118,0.9160621587645892,12.089446409850439,0.3893101222002997,17.091384180898217,10.712813463613713,4.756215255653615,46.651760608226255,79.25167627580652,31.38125803566993,28.754456478852717,34.22045349590678,26.703278399459805,
