,sensor1,sensor2,sensor3,sensor4,sensor5,sensor6,sensor7,sensor8,sensor9,sensor10,sensor11,sensor12,
1,702.2043855424301,513.6074105170103,698.6874360498192,681.3992878890706,488.3661109663548,494.4340358634462,345.9619201357684,378.77055403619477,668.1189489120887,471.1864029302419,465.71162345129886,526.6487938490704,
,sensor1,sensor2,sensor3,sensor4,sensor5,sensor6,sensor7,sensor8,sensor9,sensor10,sensor11,sensor12,
1,700.916067549673,512.0894499356409,700.3893058384386,682.9086091977713,489.2871875514029,495.2437829983529,346.6517590720749,379.25167569856393,668.6187403532434,471.24554498813393,465.7795479003197,526.7032784115074,
4,700.91606233718,512.0894465946578,700.3893102920175,682.9086159245651,489.28718674816923,495.24378493434494,346.65176065706765,379.2516763570632,668.6187421045327,471.2455435828772,465.7795465820037,526.7032784980927,
114,700.916062368476,512.0894466548428,700.3893104379166,682.9086160805233,489.2871868160943,495.24378508494084,346.65176070329073,379.25167640740807,668.618742201339,471.2455435994431,465.7795466062357,526.7032785540254,
118,700.91606209387,512.0894463335713,700.389310019652,682.9086157372583,489.28718643819076,495.2437846412988,346.6517605773839,379.25167623319476,668.618741887999,471.2455434969194,465.7795464716812,526.703278350604,
