,light1,light2,light3,light4,light5,light6,light7,light8,light9,light10,light11,light12,
1,1194.0067159674327,192.99998926726977,1121.9898329164917,810.5226862732809,39.347463309152765,402.199556906133,0.0,0.0,979.994274742244,1200.0,822.9607536254391,0.0,
,light1,light2,light3,light4,light5,light6,light7,light8,light9,light10,light11,light12,
1,1200.0,172.4134440657542,1133.2946916257288,817.5388411397142,41.939597262346034,403.8396536432233,0.0,0.0,979.9111797051291,1200.0,820.9117442913029,0.0,
4,1200.0,172.41340210969884,1133.2947195955026,817.5388758020008,41.939587750387545,403.83966306460735,0.0,0.0,979.9111834404769,1200.0,820.9117274042954,0.0,
114,1200.0,172.41340191209022,1133.294719908468,817.5388762592097,41.93958763494893,403.839663412005,0.0,0.0,979.9111835628476,1200.0,820.9117273104829,0.0,
118,1200.0,172.41340141505702,1133.2947195491747,817.5388758532982,41.9395872413185,403.8396628471186,0.0,0.0,979.9111832083847,1200.0,820.9117271457914,0.0,
