,sensor1,sensor2,sensor3,sensor4,sensor5,sensor6,sensor7,sensor8,sensor9,sensor10,sensor11,sensor12,sensor1,sensor2,sensor3,sensor4,sensor5,sensor6,sensor7,sensor8,sensor9,sensor10,sensor11,sensor12,
1,30.390940552809184,49.63283582517738,41.87116574388688,14.905666301077531,76.3342149267005,68.18049637746043,153.15374946698114,84.89291508819753,40.993518645369875,168.39486190813665,79.02974715601238,59.36210262075156,30.39094074276113,49.63283603720214,41.871165539087315,14.905666600003656,76.33421460639556,68.18049660772675,153.15374916901294,84.89291533313985,40.99351889046767,168.3948621543442,79.02974693805015,59.362102403996005,
