,sensor1,sensor2,sensor3,sensor4,sensor5,sensor6,sensor7,sensor8,sensor9,sensor10,sensor11,sensor12,
1,330.3909405528092,349.6328358251774,458.1288342561131,514.9056663010775,423.6657850732995,368.18049637746043,546.8462505330189,384.8929150881975,340.9935186453699,468.39486190813665,420.9702528439876,440.63789737924844,
,sensor1,sensor2,sensor3,sensor4,sensor5,sensor6,sensor7,sensor8,sensor9,sensor10,sensor11,sensor12,
1,330.39094120313547,349.6328365510611,458.12883495721377,514.9056673244443,423.665786169856,368.18049716573387,546.8462515528158,384.892915926736,340.99351948417507,468.39486275105986,420.97025359062775,440.6378981213518,
