,light1,light2,light3,light4,light5,light6,light7,light8,light9,light10,light11,light12,
1,0.0,0.0,1050.454569164471,1043.6153583491948,355.1812718357747,0.0,841.6942492101588,0.0,233.28744566580875,0.0,474.6822192867856,1200.0,
,light1,light2,light3,light4,light5,light6,light7,light8,light9,light10,light11,light12,
1,0.0,0.0,1050.4545701289464,1043.615359705667,355.18127389489274,0.0,841.6942507027471,0.0,233.28744699532666,0.0,474.68222021700615,1200.0,
