,sensor1,sensor2,sensor3,sensor4,sensor5,sensor6,sensor7,sensor8,sensor9,sensor10,sensor11,sensor12,sensor1,sensor2,sensor3,sensor4,sensor5,sensor6,sensor7,sensor8,sensor9,sensor10,sensor11,sensor12,
138.54974296249645,9.080484685902093,1.5316840464234929,72.70612972468496,22.867661418147918,3.6349242882265003,56.5568655319654,54.03063021388368,24.674914506588607,54.116363990288164,65.92676673193739,33.86813025854349,
0.6862053125271359,0.049817243704637804,0.3629422427476925,1.5564160220535541,0.08888200123135448,0.13153516656313968,6.448710361424332,8.469089520857779,6.687337984365627,6.735064899070778,16.731653660526604,9.658901083699789,2700.0,300.0,300.0,700.0,300.0,700.0,300.0,500.0,700.0,500.0,700.0,300.0,
700.0,300.0,300.0,700.0,300.0,700.0,300.0,500.0,700.0,500.0,700.0,300.0,