,sensor1,sensor2,sensor3,sensor4,sensor5,sensor6,sensor7,sensor8,sensor9,sensor10,sensor11,sensor12,sensor1,sensor2,sensor3,sensor4,sensor5,sensor6,sensor7,sensor8,sensor9,sensor10,sensor11,sensor12,
1,52.14169505070947,38.97482206321604,21.35606317043056,14.637978455444,27.53344444562771,35.24811014376155,46.15282740100287,80.35508006106897,158.68900543843324,57.2459742111821,76.44855455977427,177.89122628229177,10.294767553612928,9.821645686611532,3.576424684407698,8.090663323118804,6.246791659120959,0.6138329898424217,22.24543921327313,64.52465731423615,87.29067388610804,30.363891263411233,63.991146337273904,138.22248313009948,
