,sensor1,sensor2,sensor3,sensor4,sensor5,sensor6,sensor7,sensor8,sensor9,sensor10,sensor11,sensor12,sensor1,sensor2,sensor3,sensor4,sensor5,sensor6,sensor7,sensor8,sensor9,sensor10,sensor11,sensor12,
1,31.93902130395594,166.32627558385207,171.14901581940632,79.47036841304782,171.61647085576152,113.79176179752471,73.53224180394807,50.33992082445377,38.97947318208435,59.27681332918951,56.634477057394406,34.688158143928376,