,sensor1,sensor2,sensor3,sensor4,sensor5,sensor6,sensor7,sensor8,sensor9,sensor10,sensor11,sensor12,
1,1.258506464155289,12.342354510559517,0.2126261417678279,17.35897036090239,10.716436334264358,4.7068780508207055,46.592774162049125,79.24546816699592,31.434778983234537,28.635248920409367,34.11155271706065,26.74217426840869,
3,0.9160629111671597,12.089447297558195,0.3893113132454573,17.091383210077424,10.712812366574724,4.756214029391799,46.65176096709348,79.25167676895938,31.38125714926764,28.75445619687173,34.22045312139778,26.703278968981977,
13,0.9160635882540191,12.089447995048658,0.3893120314138514,17.09138287085898,10.712811222564994,4.756213458447974,46.65176117152578,79.25167711184702,31.381256571748168,28.75445596721329,34.2204528084053,26.70327934956731,
110,0.9160626703755952,12.089447011278821,0.38931093094936386,17.09138353536389,10.712812689313807,4.756214443017768,46.65176085147107,79.25167661183792,31.38125743371961,28.75445628783416,34.22045324035054,26.703278784716645,
115,0.9160620799641492,12.089446317278316,0.3893099979144381,17.091384280026887,10.712813582728302,4.756215380585672,46.6517605708508,79.25167622413949,31.381258128210334,28.754456508262024,34.22045353524061,26.703278340210318,
