,sensor1,sensor2,sensor3,sensor4,sensor5,sensor6,sensor7,sensor8,sensor9,sensor10,sensor11,sensor12,
1,701.2585064641553,512.3423545105595,700.2126261417678,682.6410296390976,489.28356366573564,495.2931219491793,346.5927741620491,379.2454681669959,668.5652210167655,471.36475107959063,465.88844728293935,526.7421742684087,
3,700.9160624516531,512.0894467573743,700.3893105870678,682.9086162100295,489.2871869387867,495.2437852404118,346.651760748678,379.25167646724117,668.618742310211,471.2455436315542,465.7795466491153,526.7032786229847,
13,700.9160623895815,512.0894465884498,700.389310145799,682.908615629694,489.28718696125753,495.24378465006885,346.6517606046879,379.25167632726016,668.6187420236575,471.2455435858376,465.7795465935528,526.7032784502652,
110,700.9160616181391,512.0894457744241,700.3893092680819,682.908615137484,489.2871857184383,495.24378388603327,346.65176035134573,379.2516759208773,668.6187413285502,471.2455433193172,465.77954623409374,526.7032779925119,
115,700.9160620450651,512.0894462762564,700.3893099427631,682.9086156759565,489.2871863644628,495.24378456399506,346.6517605542635,379.2516762012229,668.6187418307386,471.2455434787087,465.7795464473287,526.7032783139357,
