,light1,light2,light3,light4,light5,light6,light7,light8,light9,light10,light11,light12,
1,1200.0,174.882600649973,1131.7644087514727,815.9841842124619,41.897755833980376,403.96128393724763,0.0,0.0,979.721896210726,1200.0,822.0063713249151,0.0,
3,1200.0,172.41340200416207,1133.2947200798615,817.5388764686528,41.93958773182906,403.83966363558085,0.0,0.0,979.911183689052,1200.0,820.9117273349758,0.0,
13,1200.0,172.41340276207222,1133.2947190672892,817.5388743540151,41.939589308400315,403.8396615674441,0.0,0.0,979.9111833285882,1200.0,820.9117277165636,0.0,
110,1200.0,172.41340063179086,1133.2947188435708,817.5388752079889,41.93958627591529,403.83966207108216,0.0,0.0,979.9111825696037,1200.0,820.9117268834109,0.0,
115,1200.0,172.4134013341403,1133.2947194773883,817.5388757878263,41.939587142247824,403.8396627678498,0.0,0.0,979.9111831430332,1200.0,820.9117271186367,0.0,
