,sensor1,sensor2,sensor3,sensor4,sensor5,sensor6,sensor7,sensor8,sensor9,sensor10,sensor11,sensor12,sensor1,sensor2,sensor3,sensor4,sensor5,sensor6,sensor7,sensor8,sensor9,sensor10,sensor11,sensor12,
1,7.17666013486928,59.42915687578602,144.0478262470047,13.467964837812417,10.794852423229429,42.57355349168927,123.6748641082894,101.09780067347623,115.43922730748454,208.5554909570668,97.14899525672502,1.5966532095183084,13.484937829777323,22.823526027488356,73.2021986264644,15.9980092475339,29.563809556877118,18.12811677784987,90.61452292607936,65.23838856529562,58.70269460970201,148.67389162296035,119.53741142723379,23.579138415318766,
2,700.0,300.0,300.0,700.0,300.0,500.0,700.0,500.0,300.0,300.0,700.0,500.0,700.0,300.0,300.0,700.0,300.0,500.0,700.0,500.0,300.0,300.0,700.0,500.0,
3,500.0,500.0,500.0,300.0,500.0,500.0,300.0,500.0,300.0,700.0,500.0,700.0,