,sensor1,sensor2,sensor3,sensor4,sensor5,sensor6,sensor1,sensor2,sensor3,sensor4,sensor5,sensor6,
1,109.20992128439559,40.47747661989354,78.47439313900259,47.712304510285264,109.85844134534148,40.44594230283792,14.031528303425716,5.8496087196563735,5.197279186830599,13.511891993277402,14.161059132772493,5.925185385551288,
2,26.54793587837611,71.16780114130353,79.8786402344274,17.950804139164347,28.631274114926555,10.102466810756255,