,sensor1,sensor2,sensor3,sensor4,sensor5,sensor6,sensor7,sensor8,sensor9,sensor10,sensor11,sensor12,
1,1.212475512021797,12.329639541842198,0.39387945855060025,17.08875714917258,10.587022221503503,4.661848480721346,46.677149503597946,79.27234507947787,31.53479775764572,28.6032677029624,34.11381792053237,26.666575704787647,
5,0.916060637068199,12.089444896430336,0.38930882243153064,17.09138471573749,10.712815637898359,4.7562164409617935,46.651760245588434,79.25167561392811,31.3812591378138,28.75445698884539,34.22045416139372,26.703277630757952,
11,0.9160614521081243,12.08944556760639,0.38930894223278756,17.091385122681118,10.712814602326432,4.756216404884128,46.651760252598876,79.2516757901825,31.38125890609399,28.75445674457802,34.22045385645072,26.703277849384904,
29,0.91606267718862,12.089447019287718,0.38931094171846325,17.091383526766776,10.712812679006163,4.756214432194611,46.65176085471006,79.25167661631241,31.381257425704007,28.75445628529053,34.22045323694766,26.70327878984699,
38,0.9160620927478931,12.089446332305101,0.3893100181169302,17.09138426390291,10.71281356338369,4.756215360285012,46.65176057692696,79.25167623253418,31.381258113172976,28.75445650348911,34.2204535288555,26.70327834983493,
