,sensor1,sensor2,sensor3,sensor4,sensor5,sensor6,sensor7,sensor8,sensor9,sensor10,sensor11,sensor12,
1,701.2124755120218,512.3296395418422,700.3938794585506,682.9112428508274,489.4129777784965,495.33815151927865,346.67714950359795,379.2723450794779,668.4652022423543,471.3967322970376,465.88618207946763,526.6665757047876,
5,700.9160618716929,512.0894463373124,700.3893107321244,682.908616789249,489.2871862262365,495.2437854729926,346.65176081888137,379.25167641204183,668.6187422886776,471.2455434699101,465.77954645174634,526.7032785461141,
11,700.9160620744295,512.0894462994403,700.3893099274748,682.9086156636411,489.2871863413488,495.243784584105,346.6517605489417,379.2516761994435,668.6187418270353,471.245543487816,465.77954645459147,526.7032783184222,
29,700.9160618738323,512.0894460749802,700.3893096721605,682.9086154599856,489.2871861053524,495.2437842920774,346.6517604728769,379.2516760887812,668.6187416293196,471.24554341477943,465.7795463618037,526.7032781850183,
38,700.9160616789405,512.089445845894,700.3893093641701,682.9086152141747,489.28718581044166,495.2437839825901,346.6517603802453,379.25167596080394,668.6187414000719,471.2455433420174,465.77954626446217,526.7032780382891,
