,light1,light2,light3,light4,light5,light6,light7,light8,light9,light10,light11,light12,
1,1200.0,173.9542273376474,1132.5325302479475,816.9002019621024,42.14600037699741,403.8685984399547,0.0,0.0,979.4174968874167,1200.0,821.9999978775719,0.0,
5,1200.0,172.41339831648574,1133.2947221435309,817.5388804259691,41.93958424018398,403.83966624602584,0.0,0.0,979.9111837925383,1200.0,820.9117257826989,0.0,
11,1200.0,172.41340154931322,1133.2947193425985,817.5388757217321,41.939587010568864,403.83966288776696,0.0,0.0,979.9111831290219,1200.0,820.9117271984793,0.0,
29,1200.0,172.41340105243748,1133.2947192231773,817.5388755552697,41.93958679476943,403.8396624883949,0.0,0.0,979.9111829130411,1200.0,820.91172702429,0.0,
38,1200.0,172.4134007318116,1133.294718933843,817.5388752905816,41.939586399281275,403.83966217032946,0.0,0.0,979.9111826512723,1200.0,820.911726916908,0.0,
