,sensor1,sensor2,sensor3,sensor4,sensor5,sensor6,sensor7,sensor8,sensor9,sensor10,sensor11,sensor12,sensor1,sensor2,sensor3,sensor4,sensor5,sensor6,sensor7,sensor8,sensor9,sensor10,sensor11,sensor12,
1,16.860604736517416,91.65271182721455,49.477174404408856,67.2530343948315,76.3625447345674,58.17528497931056,15.344147089380385,145.0073703504919,27.129234257552582,72.6374024051645,121.06698844152822,72.36662276761166,